id,task,framework,fold,result,mode,version,params,tag,utc,duration,models,seed,info,acc,auc,logloss
openml.org/t/146818,Australian,constantpredictor_enc,0,0.5,aws.docker,0.19.2,{'encode': True},stable,2019-04-15T12:49:29,0.0,1,3076892327,,0.550725,0.5,
openml.org/t/146818,Australian,constantpredictor_enc,1,0.5,aws.docker,0.19.2,{'encode': True},stable,2019-04-15T12:49:29,0.0,1,3076892328,,0.550725,0.5,
openml.org/t/146818,Australian,constantpredictor_enc,2,0.5,aws.docker,0.19.2,{'encode': True},stable,2019-04-15T12:49:29,0.0,1,3076892329,,0.550725,0.5,
openml.org/t/146818,Australian,constantpredictor_enc,3,0.5,aws.docker,0.19.2,{'encode': True},stable,2019-04-15T12:49:30,0.0,1,3076892330,,0.550725,0.5,
openml.org/t/146818,Australian,constantpredictor_enc,4,0.5,aws.docker,0.19.2,{'encode': True},stable,2019-04-15T12:49:30,0.0,1,3076892331,,0.550725,0.5,
openml.org/t/146818,Australian,constantpredictor_enc,5,0.5,aws.docker,0.19.2,{'encode': True},stable,2019-04-15T12:49:30,0.0,1,3076892332,,0.550725,0.5,
openml.org/t/146818,Australian,constantpredictor_enc,6,0.5,aws.docker,0.19.2,{'encode': True},stable,2019-04-15T12:49:30,0.0,1,3076892333,,0.550725,0.5,
openml.org/t/146818,Australian,constantpredictor_enc,7,0.5,aws.docker,0.19.2,{'encode': True},stable,2019-04-15T12:49:30,0.0,1,3076892334,,0.565217,0.5,
openml.org/t/146818,Australian,constantpredictor_enc,8,0.5,aws.docker,0.19.2,{'encode': True},stable,2019-04-15T12:49:30,0.0,1,3076892335,,0.565217,0.5,
openml.org/t/146818,Australian,constantpredictor_enc,9,0.5,aws.docker,0.19.2,{'encode': True},stable,2019-04-15T12:49:30,0.0,1,3076892336,,0.565217,0.5,
openml.org/t/10101,blood-transfusion,constantpredictor_enc,0,0.5,aws.docker,0.19.2,{'encode': True},stable,2019-04-15T12:49:31,0.0,1,3076892327,,0.76,0.5,
openml.org/t/10101,blood-transfusion,constantpredictor_enc,1,0.5,aws.docker,0.19.2,{'encode': True},stable,2019-04-15T12:49:31,0.0,1,3076892328,,0.76,0.5,
openml.org/t/10101,blood-transfusion,constantpredictor_enc,2,0.5,aws.docker,0.19.2,{'encode': True},stable,2019-04-15T12:49:31,0.0,1,3076892329,,0.76,0.5,
openml.org/t/10101,blood-transfusion,constantpredictor_enc,3,0.5,aws.docker,0.19.2,{'encode': True},stable,2019-04-15T12:49:31,0.0,1,3076892330,,0.76,0.5,
openml.org/t/10101,blood-transfusion,constantpredictor_enc,4,0.5,aws.docker,0.19.2,{'encode': True},stable,2019-04-15T12:49:31,0.0,1,3076892331,,0.76,0.5,
openml.org/t/10101,blood-transfusion,constantpredictor_enc,5,0.5,aws.docker,0.19.2,{'encode': True},stable,2019-04-15T12:49:31,0.0,1,3076892332,,0.76,0.5,
openml.org/t/10101,blood-transfusion,constantpredictor_enc,6,0.5,aws.docker,0.19.2,{'encode': True},stable,2019-04-15T12:49:31,0.0,1,3076892333,,0.76,0.5,
openml.org/t/10101,blood-transfusion,constantpredictor_enc,7,0.5,aws.docker,0.19.2,{'encode': True},stable,2019-04-15T12:49:31,0.0,1,3076892334,,0.76,0.5,
openml.org/t/10101,blood-transfusion,constantpredictor_enc,8,0.5,aws.docker,0.19.2,{'encode': True},stable,2019-04-15T12:49:31,0.0,1,3076892335,,0.77027,0.5,
openml.org/t/10101,blood-transfusion,constantpredictor_enc,9,0.5,aws.docker,0.19.2,{'encode': True},stable,2019-04-15T12:49:31,0.0,1,3076892336,,0.77027,0.5,
openml.org/t/146821,car,constantpredictor_enc,0,0.83242,aws.docker,0.19.2,{'encode': True},stable,2019-04-15T12:49:32,0.0,1,3076892327,,0.699422,,0.83242
openml.org/t/146821,car,constantpredictor_enc,1,0.83242,aws.docker,0.19.2,{'encode': True},stable,2019-04-15T12:49:32,0.0,1,3076892328,,0.699422,,0.83242
openml.org/t/146821,car,constantpredictor_enc,2,0.83242,aws.docker,0.19.2,{'encode': True},stable,2019-04-15T12:49:32,0.0,1,3076892329,,0.699422,,0.83242
openml.org/t/146821,car,constantpredictor_enc,3,0.83242,aws.docker,0.19.2,{'encode': True},stable,2019-04-15T12:49:33,0.0,1,3076892330,,0.699422,,0.83242
openml.org/t/146821,car,constantpredictor_enc,4,0.842684,aws.docker,0.19.2,{'encode': True},stable,2019-04-15T12:49:33,0.0,1,3076892331,,0.699422,,0.842684
openml.org/t/146821,car,constantpredictor_enc,5,0.842684,aws.docker,0.19.2,{'encode': True},stable,2019-04-15T12:49:33,0.0,1,3076892332,,0.699422,,0.842684
openml.org/t/146821,car,constantpredictor_enc,6,0.842684,aws.docker,0.19.2,{'encode': True},stable,2019-04-15T12:49:33,0.0,1,3076892333,,0.699422,,0.842684
openml.org/t/146821,car,constantpredictor_enc,7,0.842684,aws.docker,0.19.2,{'encode': True},stable,2019-04-15T12:49:33,0.0,1,3076892334,,0.699422,,0.842684
openml.org/t/146821,car,constantpredictor_enc,8,0.828935,aws.docker,0.19.2,{'encode': True},stable,2019-04-15T12:49:33,0.0,1,3076892335,,0.703488,,0.828935
openml.org/t/146821,car,constantpredictor_enc,9,0.828509,aws.docker,0.19.2,{'encode': True},stable,2019-04-15T12:49:34,0.0,1,3076892336,,0.703488,,0.828509
openml.org/t/168908,christine,constantpredictor_enc,0,0.5,aws.docker,0.19.2,{'encode': True},stable,2019-04-15T12:50:26,0.0,1,3076892327,,0.5,0.5,
openml.org/t/168908,christine,constantpredictor_enc,1,0.5,aws.docker,0.19.2,{'encode': True},stable,2019-04-15T12:51:02,0.0,1,3076892328,,0.5,0.5,
openml.org/t/168908,christine,constantpredictor_enc,2,0.5,aws.docker,0.19.2,{'encode': True},stable,2019-04-15T12:51:38,0.0,1,3076892329,,0.5,0.5,
openml.org/t/168908,christine,constantpredictor_enc,3,0.5,aws.docker,0.19.2,{'encode': True},stable,2019-04-15T12:52:14,0.0,1,3076892330,,0.5,0.5,
openml.org/t/168908,christine,constantpredictor_enc,4,0.5,aws.docker,0.19.2,{'encode': True},stable,2019-04-15T12:52:50,0.0,1,3076892331,,0.5,0.5,
openml.org/t/168908,christine,constantpredictor_enc,5,0.5,aws.docker,0.19.2,{'encode': True},stable,2019-04-15T12:53:26,0.0,1,3076892332,,0.5,0.5,
openml.org/t/168908,christine,constantpredictor_enc,6,0.5,aws.docker,0.19.2,{'encode': True},stable,2019-04-15T12:54:02,0.0,1,3076892333,,0.5,0.5,
openml.org/t/168908,christine,constantpredictor_enc,7,0.5,aws.docker,0.19.2,{'encode': True},stable,2019-04-15T12:54:38,0.0,1,3076892334,,0.5,0.5,
openml.org/t/168908,christine,constantpredictor_enc,8,0.5,aws.docker,0.19.2,{'encode': True},stable,2019-04-15T12:55:13,0.0,1,3076892335,,0.499076,0.5,
openml.org/t/168908,christine,constantpredictor_enc,9,0.5,aws.docker,0.19.2,{'encode': True},stable,2019-04-15T12:55:49,0.0,1,3076892336,,0.499076,0.5,
openml.org/t/9981,cnae-9,constantpredictor_enc,0,2.19722,aws.docker,0.19.2,{'encode': True},stable,2019-04-15T12:55:52,0.0,1,3076892327,,0.111111,,2.19722
openml.org/t/9981,cnae-9,constantpredictor_enc,1,2.19722,aws.docker,0.19.2,{'encode': True},stable,2019-04-15T12:55:54,0.0,1,3076892328,,0.111111,,2.19722
openml.org/t/9981,cnae-9,constantpredictor_enc,2,2.19722,aws.docker,0.19.2,{'encode': True},stable,2019-04-15T12:55:55,0.0,1,3076892329,,0.111111,,2.19722
openml.org/t/9981,cnae-9,constantpredictor_enc,3,2.19722,aws.docker,0.19.2,{'encode': True},stable,2019-04-15T12:55:57,0.0,1,3076892330,,0.111111,,2.19722
openml.org/t/9981,cnae-9,constantpredictor_enc,4,2.19722,aws.docker,0.19.2,{'encode': True},stable,2019-04-15T12:55:59,0.0,1,3076892331,,0.111111,,2.19722
openml.org/t/9981,cnae-9,constantpredictor_enc,5,2.19722,aws.docker,0.19.2,{'encode': True},stable,2019-04-15T12:56:00,0.0,1,3076892332,,0.111111,,2.19722
openml.org/t/9981,cnae-9,constantpredictor_enc,6,2.19722,aws.docker,0.19.2,{'encode': True},stable,2019-04-15T12:56:02,0.0,1,3076892333,,0.111111,,2.19722
openml.org/t/9981,cnae-9,constantpredictor_enc,7,2.19722,aws.docker,0.19.2,{'encode': True},stable,2019-04-15T12:56:04,0.0,1,3076892334,,0.111111,,2.19722
openml.org/t/9981,cnae-9,constantpredictor_enc,8,2.19722,aws.docker,0.19.2,{'encode': True},stable,2019-04-15T12:56:05,0.0,1,3076892335,,0.111111,,2.19722
openml.org/t/9981,cnae-9,constantpredictor_enc,9,2.19722,aws.docker,0.19.2,{'encode': True},stable,2019-04-15T12:56:07,0.0,1,3076892336,,0.111111,,2.19722
openml.org/t/31,credit-g,constantpredictor_enc,0,0.5,aws.docker,0.19.2,{'encode': True},stable,2019-04-15T12:56:08,0.0,1,3076892327,,0.7,0.5,
openml.org/t/31,credit-g,constantpredictor_enc,1,0.5,aws.docker,0.19.2,{'encode': True},stable,2019-04-15T12:56:08,0.0,1,3076892328,,0.7,0.5,
openml.org/t/31,credit-g,constantpredictor_enc,2,0.5,aws.docker,0.19.2,{'encode': True},stable,2019-04-15T12:56:09,0.0,1,3076892329,,0.7,0.5,
openml.org/t/31,credit-g,constantpredictor_enc,3,0.5,aws.docker,0.19.2,{'encode': True},stable,2019-04-15T12:56:09,0.0,1,3076892330,,0.7,0.5,
openml.org/t/31,credit-g,constantpredictor_enc,4,0.5,aws.docker,0.19.2,{'encode': True},stable,2019-04-15T12:56:09,0.0,1,3076892331,,0.7,0.5,
openml.org/t/31,credit-g,constantpredictor_enc,5,0.5,aws.docker,0.19.2,{'encode': True},stable,2019-04-15T12:56:09,0.0,1,3076892332,,0.7,0.5,
openml.org/t/31,credit-g,constantpredictor_enc,6,0.5,aws.docker,0.19.2,{'encode': True},stable,2019-04-15T12:56:09,0.0,1,3076892333,,0.7,0.5,
openml.org/t/31,credit-g,constantpredictor_enc,7,0.5,aws.docker,0.19.2,{'encode': True},stable,2019-04-15T12:56:10,0.0,1,3076892334,,0.7,0.5,
openml.org/t/31,credit-g,constantpredictor_enc,8,0.5,aws.docker,0.19.2,{'encode': True},stable,2019-04-15T12:56:10,0.0,1,3076892335,,0.7,0.5,
openml.org/t/31,credit-g,constantpredictor_enc,9,0.5,aws.docker,0.19.2,{'encode': True},stable,2019-04-15T12:56:10,0.0,1,3076892336,,0.7,0.5,
openml.org/t/168909,dilbert,constantpredictor_enc,0,1.60913,aws.docker,0.19.2,{'encode': True},stable,2019-04-15T12:58:21,0.0,1,3076892327,,0.205,,1.60913
openml.org/t/168909,dilbert,constantpredictor_enc,1,1.60913,aws.docker,0.19.2,{'encode': True},stable,2019-04-15T12:59:49,0.0,1,3076892328,,0.205,,1.60913
openml.org/t/168909,dilbert,constantpredictor_enc,2,1.60913,aws.docker,0.19.2,{'encode': True},stable,2019-04-15T13:01:18,0.0,1,3076892329,,0.205,,1.60913
openml.org/t/168909,dilbert,constantpredictor_enc,3,1.60913,aws.docker,0.19.2,{'encode': True},stable,2019-04-15T13:02:47,0.0,1,3076892330,,0.205,,1.60913
openml.org/t/168909,dilbert,constantpredictor_enc,4,1.60911,aws.docker,0.19.2,{'encode': True},stable,2019-04-15T13:04:16,0.0,1,3076892331,,0.205,,1.60911
openml.org/t/168909,dilbert,constantpredictor_enc,5,1.60911,aws.docker,0.19.2,{'encode': True},stable,2019-04-15T13:05:44,0.0,1,3076892332,,0.205,,1.60911
openml.org/t/168909,dilbert,constantpredictor_enc,6,1.60911,aws.docker,0.19.2,{'encode': True},stable,2019-04-15T13:07:13,0.0,1,3076892333,,0.205,,1.60911
openml.org/t/168909,dilbert,constantpredictor_enc,7,1.60915,aws.docker,0.19.2,{'encode': True},stable,2019-04-15T13:08:41,0.0,1,3076892334,,0.205,,1.60915
openml.org/t/168909,dilbert,constantpredictor_enc,8,1.60915,aws.docker,0.19.2,{'encode': True},stable,2019-04-15T13:10:10,0.0,1,3076892335,,0.205,,1.60915
openml.org/t/168909,dilbert,constantpredictor_enc,9,1.60918,aws.docker,0.19.2,{'encode': True},stable,2019-04-15T13:11:39,0.0,1,3076892336,,0.204,,1.60918
openml.org/t/168910,fabert,constantpredictor_enc,0,1.87425,aws.docker,0.19.2,{'encode': True},stable,2019-04-15T13:12:08,0.0,1,3076892327,,0.234223,,1.87425
openml.org/t/168910,fabert,constantpredictor_enc,1,1.87425,aws.docker,0.19.2,{'encode': True},stable,2019-04-15T13:12:30,0.0,1,3076892328,,0.234223,,1.87425
openml.org/t/168910,fabert,constantpredictor_enc,2,1.87425,aws.docker,0.19.2,{'encode': True},stable,2019-04-15T13:12:52,0.0,1,3076892329,,0.234223,,1.87425
openml.org/t/168910,fabert,constantpredictor_enc,3,1.87464,aws.docker,0.19.2,{'encode': True},stable,2019-04-15T13:13:14,0.0,1,3076892330,,0.23301,,1.87464
openml.org/t/168910,fabert,constantpredictor_enc,4,1.87464,aws.docker,0.19.2,{'encode': True},stable,2019-04-15T13:13:36,0.0,1,3076892331,,0.23301,,1.87464
openml.org/t/168910,fabert,constantpredictor_enc,5,1.87602,aws.docker,0.19.2,{'encode': True},stable,2019-04-15T13:13:58,0.0,1,3076892332,,0.23301,,1.87602
openml.org/t/168910,fabert,constantpredictor_enc,6,1.8756,aws.docker,0.19.2,{'encode': True},stable,2019-04-15T13:14:21,0.0,1,3076892333,,0.234223,,1.8756
openml.org/t/168910,fabert,constantpredictor_enc,7,1.87447,aws.docker,0.19.2,{'encode': True},stable,2019-04-15T13:14:43,0.0,1,3076892334,,0.234508,,1.87447
openml.org/t/168910,fabert,constantpredictor_enc,8,1.87447,aws.docker,0.19.2,{'encode': True},stable,2019-04-15T13:15:05,0.0,1,3076892335,,0.234508,,1.87447
openml.org/t/168910,fabert,constantpredictor_enc,9,1.87447,aws.docker,0.19.2,{'encode': True},stable,2019-04-15T13:15:27,0.0,1,3076892336,,0.234508,,1.87447
openml.org/t/168911,jasmine,constantpredictor_enc,0,0.5,aws.docker,0.19.2,{'encode': True},stable,2019-04-15T13:15:32,0.0,1,3076892327,,0.498328,0.5,
openml.org/t/168911,jasmine,constantpredictor_enc,1,0.5,aws.docker,0.19.2,{'encode': True},stable,2019-04-15T13:15:36,0.0,1,3076892328,,0.498328,0.5,
openml.org/t/168911,jasmine,constantpredictor_enc,2,0.5,aws.docker,0.19.2,{'encode': True},stable,2019-04-15T13:15:39,0.0,1,3076892329,,0.498328,0.5,
openml.org/t/168911,jasmine,constantpredictor_enc,3,0.5,aws.docker,0.19.2,{'encode': True},stable,2019-04-15T13:15:43,0.0,1,3076892330,,0.498328,0.5,
openml.org/t/168911,jasmine,constantpredictor_enc,4,0.5,aws.docker,0.19.2,{'encode': True},stable,2019-04-15T13:15:46,0.0,1,3076892331,,0.5,0.5,
openml.org/t/168911,jasmine,constantpredictor_enc,5,0.5,aws.docker,0.19.2,{'encode': True},stable,2019-04-15T13:15:49,0.0,1,3076892332,,0.5,0.5,
openml.org/t/168911,jasmine,constantpredictor_enc,6,0.5,aws.docker,0.19.2,{'encode': True},stable,2019-04-15T13:15:53,0.0,1,3076892333,,0.5,0.5,
openml.org/t/168911,jasmine,constantpredictor_enc,7,0.5,aws.docker,0.19.2,{'encode': True},stable,2019-04-15T13:15:56,0.0,1,3076892334,,0.5,0.5,
openml.org/t/168911,jasmine,constantpredictor_enc,8,0.5,aws.docker,0.19.2,{'encode': True},stable,2019-04-15T13:16:00,0.0,1,3076892335,,0.5,0.5,
openml.org/t/168911,jasmine,constantpredictor_enc,9,0.5,aws.docker,0.19.2,{'encode': True},stable,2019-04-15T13:16:03,0.0,1,3076892336,,0.5,0.5,
openml.org/t/3917,kc1,constantpredictor_enc,0,0.5,aws.docker,0.19.2,{'encode': True},stable,2019-04-15T13:16:04,0.0,1,3076892327,,0.848341,0.5,
openml.org/t/3917,kc1,constantpredictor_enc,1,0.5,aws.docker,0.19.2,{'encode': True},stable,2019-04-15T13:16:04,0.0,1,3076892328,,0.848341,0.5,
openml.org/t/3917,kc1,constantpredictor_enc,2,0.5,aws.docker,0.19.2,{'encode': True},stable,2019-04-15T13:16:04,0.0,1,3076892329,,0.848341,0.5,
openml.org/t/3917,kc1,constantpredictor_enc,3,0.5,aws.docker,0.19.2,{'encode': True},stable,2019-04-15T13:16:04,0.0,1,3076892330,,0.843602,0.5,
openml.org/t/3917,kc1,constantpredictor_enc,4,0.5,aws.docker,0.19.2,{'encode': True},stable,2019-04-15T13:16:05,0.0,1,3076892331,,0.843602,0.5,
openml.org/t/3917,kc1,constantpredictor_enc,5,0.5,aws.docker,0.19.2,{'encode': True},stable,2019-04-15T13:16:05,0.0,1,3076892332,,0.843602,0.5,
openml.org/t/3917,kc1,constantpredictor_enc,6,0.5,aws.docker,0.19.2,{'encode': True},stable,2019-04-15T13:16:05,0.0,1,3076892333,,0.843602,0.5,
openml.org/t/3917,kc1,constantpredictor_enc,7,0.5,aws.docker,0.19.2,{'encode': True},stable,2019-04-15T13:16:05,0.0,1,3076892334,,0.843602,0.5,
openml.org/t/3917,kc1,constantpredictor_enc,8,0.5,aws.docker,0.19.2,{'encode': True},stable,2019-04-15T13:16:05,0.0,1,3076892335,,0.843602,0.5,
openml.org/t/3917,kc1,constantpredictor_enc,9,0.5,aws.docker,0.19.2,{'encode': True},stable,2019-04-15T13:16:05,0.0,1,3076892336,,0.847619,0.5,
openml.org/t/3,kr-vs-kp,constantpredictor_enc,0,0.5,aws.docker,0.19.2,{'encode': True},stable,2019-04-15T13:16:07,0.0,1,3076892327,,0.521875,0.5,
openml.org/t/3,kr-vs-kp,constantpredictor_enc,1,0.5,aws.docker,0.19.2,{'encode': True},stable,2019-04-15T13:16:08,0.0,1,3076892328,,0.521875,0.5,
openml.org/t/3,kr-vs-kp,constantpredictor_enc,2,0.5,aws.docker,0.19.2,{'encode': True},stable,2019-04-15T13:16:09,0.0,1,3076892329,,0.521875,0.5,
openml.org/t/3,kr-vs-kp,constantpredictor_enc,3,0.5,aws.docker,0.19.2,{'encode': True},stable,2019-04-15T13:16:11,0.0,1,3076892330,,0.521875,0.5,
openml.org/t/3,kr-vs-kp,constantpredictor_enc,4,0.5,aws.docker,0.19.2,{'encode': True},stable,2019-04-15T13:16:12,0.0,1,3076892331,,0.521875,0.5,
openml.org/t/3,kr-vs-kp,constantpredictor_enc,5,0.5,aws.docker,0.19.2,{'encode': True},stable,2019-04-15T13:16:13,0.0,1,3076892332,,0.521875,0.5,
openml.org/t/3,kr-vs-kp,constantpredictor_enc,6,0.5,aws.docker,0.19.2,{'encode': True},stable,2019-04-15T13:16:14,0.0,1,3076892333,,0.520376,0.5,
openml.org/t/3,kr-vs-kp,constantpredictor_enc,7,0.5,aws.docker,0.19.2,{'encode': True},stable,2019-04-15T13:16:15,0.0,1,3076892334,,0.523511,0.5,
openml.org/t/3,kr-vs-kp,constantpredictor_enc,8,0.5,aws.docker,0.19.2,{'encode': True},stable,2019-04-15T13:16:16,0.0,1,3076892335,,0.523511,0.5,
openml.org/t/3,kr-vs-kp,constantpredictor_enc,9,0.5,aws.docker,0.19.2,{'encode': True},stable,2019-04-15T13:16:17,0.0,1,3076892336,,0.523511,0.5,
openml.org/t/12,mfeat-factors,constantpredictor_enc,0,2.30259,aws.docker,0.19.2,{'encode': True},stable,2019-04-15T13:16:19,0.0,1,3076892327,,0.1,,2.30259
openml.org/t/12,mfeat-factors,constantpredictor_enc,1,2.30259,aws.docker,0.19.2,{'encode': True},stable,2019-04-15T13:16:21,0.0,1,3076892328,,0.1,,2.30259
openml.org/t/12,mfeat-factors,constantpredictor_enc,2,2.30259,aws.docker,0.19.2,{'encode': True},stable,2019-04-15T13:16:22,0.0,1,3076892329,,0.1,,2.30259
openml.org/t/12,mfeat-factors,constantpredictor_enc,3,2.30259,aws.docker,0.19.2,{'encode': True},stable,2019-04-15T13:16:23,0.0,1,3076892330,,0.1,,2.30259
openml.org/t/12,mfeat-factors,constantpredictor_enc,4,2.30259,aws.docker,0.19.2,{'encode': True},stable,2019-04-15T13:16:24,0.0,1,3076892331,,0.1,,2.30259
openml.org/t/12,mfeat-factors,constantpredictor_enc,5,2.30259,aws.docker,0.19.2,{'encode': True},stable,2019-04-15T13:16:25,0.0,1,3076892332,,0.1,,2.30259
openml.org/t/12,mfeat-factors,constantpredictor_enc,6,2.30259,aws.docker,0.19.2,{'encode': True},stable,2019-04-15T13:16:26,0.0,1,3076892333,,0.1,,2.30259
openml.org/t/12,mfeat-factors,constantpredictor_enc,7,2.30259,aws.docker,0.19.2,{'encode': True},stable,2019-04-15T13:16:28,0.0,1,3076892334,,0.1,,2.30259
openml.org/t/12,mfeat-factors,constantpredictor_enc,8,2.30259,aws.docker,0.19.2,{'encode': True},stable,2019-04-15T13:16:29,0.0,1,3076892335,,0.1,,2.30259
openml.org/t/12,mfeat-factors,constantpredictor_enc,9,2.30259,aws.docker,0.19.2,{'encode': True},stable,2019-04-15T13:16:30,0.0,1,3076892336,,0.1,,2.30259
openml.org/t/9952,phoneme,constantpredictor_enc,0,0.5,aws.docker,0.19.2,{'encode': True},stable,2019-04-15T13:16:31,0.0,1,3076892327,,0.7061,0.5,
openml.org/t/9952,phoneme,constantpredictor_enc,1,0.5,aws.docker,0.19.2,{'encode': True},stable,2019-04-15T13:16:31,0.0,1,3076892328,,0.7061,0.5,
openml.org/t/9952,phoneme,constantpredictor_enc,2,0.5,aws.docker,0.19.2,{'encode': True},stable,2019-04-15T13:16:32,0.0,1,3076892329,,0.7061,0.5,
openml.org/t/9952,phoneme,constantpredictor_enc,3,0.5,aws.docker,0.19.2,{'encode': True},stable,2019-04-15T13:16:32,0.0,1,3076892330,,0.7061,0.5,
openml.org/t/9952,phoneme,constantpredictor_enc,4,0.5,aws.docker,0.19.2,{'encode': True},stable,2019-04-15T13:16:32,0.0,1,3076892331,,0.707407,0.5,
openml.org/t/9952,phoneme,constantpredictor_enc,5,0.5,aws.docker,0.19.2,{'encode': True},stable,2019-04-15T13:16:32,0.0,1,3076892332,,0.707407,0.5,
openml.org/t/9952,phoneme,constantpredictor_enc,6,0.5,aws.docker,0.19.2,{'encode': True},stable,2019-04-15T13:16:32,0.0,1,3076892333,,0.707407,0.5,
openml.org/t/9952,phoneme,constantpredictor_enc,7,0.5,aws.docker,0.19.2,{'encode': True},stable,2019-04-15T13:16:33,0.0,1,3076892334,,0.707407,0.5,
openml.org/t/9952,phoneme,constantpredictor_enc,8,0.5,aws.docker,0.19.2,{'encode': True},stable,2019-04-15T13:16:33,0.0,1,3076892335,,0.705556,0.5,
openml.org/t/9952,phoneme,constantpredictor_enc,9,0.5,aws.docker,0.19.2,{'encode': True},stable,2019-04-15T13:16:33,0.0,1,3076892336,,0.705556,0.5,
openml.org/t/146822,segment,constantpredictor_enc,0,1.94591,aws.docker,0.19.2,{'encode': True},stable,2019-04-15T13:16:34,0.0,1,3076892327,,0.142857,,1.94591
openml.org/t/146822,segment,constantpredictor_enc,1,1.94591,aws.docker,0.19.2,{'encode': True},stable,2019-04-15T13:16:35,0.0,1,3076892328,,0.142857,,1.94591
openml.org/t/146822,segment,constantpredictor_enc,2,1.94591,aws.docker,0.19.2,{'encode': True},stable,2019-04-15T13:16:35,0.0,1,3076892329,,0.142857,,1.94591
openml.org/t/146822,segment,constantpredictor_enc,3,1.94591,aws.docker,0.19.2,{'encode': True},stable,2019-04-15T13:16:35,0.0,1,3076892330,,0.142857,,1.94591
openml.org/t/146822,segment,constantpredictor_enc,4,1.94591,aws.docker,0.19.2,{'encode': True},stable,2019-04-15T13:16:36,0.0,1,3076892331,,0.142857,,1.94591
openml.org/t/146822,segment,constantpredictor_enc,5,1.94591,aws.docker,0.19.2,{'encode': True},stable,2019-04-15T13:16:36,0.0,1,3076892332,,0.142857,,1.94591
openml.org/t/146822,segment,constantpredictor_enc,6,1.94591,aws.docker,0.19.2,{'encode': True},stable,2019-04-15T13:16:36,0.0,1,3076892333,,0.142857,,1.94591
openml.org/t/146822,segment,constantpredictor_enc,7,1.94591,aws.docker,0.19.2,{'encode': True},stable,2019-04-15T13:16:36,0.0,1,3076892334,,0.142857,,1.94591
openml.org/t/146822,segment,constantpredictor_enc,8,1.94591,aws.docker,0.19.2,{'encode': True},stable,2019-04-15T13:16:37,0.0,1,3076892335,,0.142857,,1.94591
openml.org/t/146822,segment,constantpredictor_enc,9,1.94591,aws.docker,0.19.2,{'encode': True},stable,2019-04-15T13:16:37,0.0,1,3076892336,,0.142857,,1.94591
openml.org/t/168912,sylvine,constantpredictor_enc,0,0.5,aws.docker,0.19.2,{'encode': True},stable,2019-04-15T13:16:38,0.0,1,3076892327,,0.499025,0.5,
openml.org/t/168912,sylvine,constantpredictor_enc,1,0.5,aws.docker,0.19.2,{'encode': True},stable,2019-04-15T13:16:39,0.0,1,3076892328,,0.499025,0.5,
openml.org/t/168912,sylvine,constantpredictor_enc,2,0.5,aws.docker,0.19.2,{'encode': True},stable,2019-04-15T13:16:39,0.0,1,3076892329,,0.499025,0.5,
openml.org/t/168912,sylvine,constantpredictor_enc,3,0.5,aws.docker,0.19.2,{'encode': True},stable,2019-04-15T13:16:40,0.0,1,3076892330,,0.499025,0.5,
openml.org/t/168912,sylvine,constantpredictor_enc,4,0.5,aws.docker,0.19.2,{'encode': True},stable,2019-04-15T13:16:40,0.0,1,3076892331,,0.5,0.5,
openml.org/t/168912,sylvine,constantpredictor_enc,5,0.5,aws.docker,0.19.2,{'encode': True},stable,2019-04-15T13:16:41,0.0,1,3076892332,,0.5,0.5,
openml.org/t/168912,sylvine,constantpredictor_enc,6,0.5,aws.docker,0.19.2,{'encode': True},stable,2019-04-15T13:16:41,0.0,1,3076892333,,0.5,0.5,
openml.org/t/168912,sylvine,constantpredictor_enc,7,0.5,aws.docker,0.19.2,{'encode': True},stable,2019-04-15T13:16:42,0.0,1,3076892334,,0.5,0.5,
openml.org/t/168912,sylvine,constantpredictor_enc,8,0.5,aws.docker,0.19.2,{'encode': True},stable,2019-04-15T13:16:42,0.0,1,3076892335,,0.5,0.5,
openml.org/t/168912,sylvine,constantpredictor_enc,9,0.5,aws.docker,0.19.2,{'encode': True},stable,2019-04-15T13:16:43,0.0,1,3076892336,,0.5,0.5,
openml.org/t/53,vehicle,constantpredictor_enc,0,1.38557,aws.docker,0.19.2,{'encode': True},stable,2019-04-15T13:16:43,0.0,1,3076892327,,0.258824,,1.38557
openml.org/t/53,vehicle,constantpredictor_enc,1,1.38557,aws.docker,0.19.2,{'encode': True},stable,2019-04-15T13:16:43,0.0,1,3076892328,,0.258824,,1.38557
openml.org/t/53,vehicle,constantpredictor_enc,2,1.38557,aws.docker,0.19.2,{'encode': True},stable,2019-04-15T13:16:43,0.0,1,3076892329,,0.258824,,1.38557
openml.org/t/53,vehicle,constantpredictor_enc,3,1.38557,aws.docker,0.19.2,{'encode': True},stable,2019-04-15T13:16:44,0.0,1,3076892330,,0.258824,,1.38557
openml.org/t/53,vehicle,constantpredictor_enc,4,1.38557,aws.docker,0.19.2,{'encode': True},stable,2019-04-15T13:16:44,0.0,1,3076892331,,0.258824,,1.38557
openml.org/t/53,vehicle,constantpredictor_enc,5,1.38557,aws.docker,0.19.2,{'encode': True},stable,2019-04-15T13:16:44,0.0,1,3076892332,,0.258824,,1.38557
openml.org/t/53,vehicle,constantpredictor_enc,6,1.3853,aws.docker,0.19.2,{'encode': True},stable,2019-04-15T13:16:44,0.0,1,3076892333,,0.25,,1.3853
openml.org/t/53,vehicle,constantpredictor_enc,7,1.3863,aws.docker,0.19.2,{'encode': True},stable,2019-04-15T13:16:44,0.0,1,3076892334,,0.25,,1.3863
openml.org/t/53,vehicle,constantpredictor_enc,8,1.38589,aws.docker,0.19.2,{'encode': True},stable,2019-04-15T13:16:44,0.0,1,3076892335,,0.261905,,1.38589
openml.org/t/53,vehicle,constantpredictor_enc,9,1.38589,aws.docker,0.19.2,{'encode': True},stable,2019-04-15T13:16:44,0.0,1,3076892336,,0.261905,,1.38589
openml.org/t/146818,Australian,RandomForest,0,0.949066,aws.docker,0.19.2,{'n_estimators': 2000},stable,2019-04-12T18:29:41,3.0,2000,271449759,,0.913043,0.949066,
openml.org/t/146818,Australian,RandomForest,1,0.910017,aws.docker,0.19.2,{'n_estimators': 2000},stable,2019-04-12T18:29:36,2.9,2000,271449760,,0.869565,0.910017,
openml.org/t/146818,Australian,RandomForest,2,0.904499,aws.docker,0.19.2,{'n_estimators': 2000},stable,2019-04-12T18:29:38,2.9,2000,271449761,,0.84058,0.904499,
openml.org/t/146818,Australian,RandomForest,4,0.953311,aws.docker,0.19.2,{'n_estimators': 2000},stable,2019-04-12T18:29:38,2.9,2000,271449763,,0.898551,0.953311,
openml.org/t/146818,Australian,RandomForest,3,0.931239,aws.docker,0.19.2,{'n_estimators': 2000},stable,2019-04-12T18:30:48,2.9,2000,271449762,,0.826087,0.931239,
openml.org/t/146818,Australian,RandomForest,5,0.976231,aws.docker,0.19.2,{'n_estimators': 2000},stable,2019-04-12T18:33:15,2.9,2000,271449764,,0.884058,0.976231,
openml.org/t/146818,Australian,RandomForest,6,0.91511,aws.docker,0.19.2,{'n_estimators': 2000},stable,2019-04-12T18:33:32,2.9,2000,271449765,,0.869565,0.91511,
openml.org/t/146818,Australian,RandomForest,7,0.934188,aws.docker,0.19.2,{'n_estimators': 2000},stable,2019-04-12T18:33:41,2.9,2000,271449766,,0.898551,0.934188,
openml.org/t/146818,Australian,RandomForest,8,0.953846,aws.docker,0.19.2,{'n_estimators': 2000},stable,2019-04-12T18:33:57,2.9,2000,271449767,,0.869565,0.953846,
openml.org/t/146818,Australian,RandomForest,9,0.938462,aws.docker,0.19.2,{'n_estimators': 2000},stable,2019-04-12T18:34:45,2.9,2000,271449768,,0.84058,0.938462,
openml.org/t/10101,blood-transfusion,RandomForest,0,0.755848,aws.docker,0.19.2,{'n_estimators': 2000},stable,2019-04-12T18:37:30,2.9,2000,271449759,,0.76,0.755848,
openml.org/t/10101,blood-transfusion,RandomForest,1,0.707115,aws.docker,0.19.2,{'n_estimators': 2000},stable,2019-04-12T18:37:34,2.9,2000,271449760,,0.733333,0.707115,
openml.org/t/10101,blood-transfusion,RandomForest,2,0.605263,aws.docker,0.19.2,{'n_estimators': 2000},stable,2019-04-12T18:37:48,2.9,2000,271449761,,0.746667,0.605263,
openml.org/t/10101,blood-transfusion,RandomForest,3,0.681774,aws.docker,0.19.2,{'n_estimators': 2000},stable,2019-04-12T18:37:46,2.9,2000,271449762,,0.746667,0.681774,
openml.org/t/10101,blood-transfusion,RandomForest,4,0.812865,aws.docker,0.19.2,{'n_estimators': 2000},stable,2019-04-12T18:38:45,2.9,2000,271449763,,0.826667,0.812865,
openml.org/t/10101,blood-transfusion,RandomForest,5,0.637914,aws.docker,0.19.2,{'n_estimators': 2000},stable,2019-04-12T18:41:38,2.9,2000,271449764,,0.706667,0.637914,
openml.org/t/10101,blood-transfusion,RandomForest,6,0.67154,aws.docker,0.19.2,{'n_estimators': 2000},stable,2019-04-12T18:41:46,2.9,2000,271449765,,0.72,0.67154,
openml.org/t/10101,blood-transfusion,RandomForest,7,0.626218,aws.docker,0.19.2,{'n_estimators': 2000},stable,2019-04-12T18:41:47,2.9,2000,271449766,,0.746667,0.626218,
openml.org/t/10101,blood-transfusion,RandomForest,8,0.733746,aws.docker,0.19.2,{'n_estimators': 2000},stable,2019-04-12T18:41:57,3.0,2000,271449767,,0.824324,0.733746,
openml.org/t/10101,blood-transfusion,RandomForest,9,0.630547,aws.docker,0.19.2,{'n_estimators': 2000},stable,2019-04-12T18:42:54,2.9,2000,271449768,,0.702703,0.630547,
openml.org/t/146821,car,RandomForest,0,0.140904,aws.docker,0.19.2,{'n_estimators': 2000},stable,2019-04-12T18:45:39,3.0,2000,271449759,,0.982659,,0.140904
openml.org/t/146821,car,RandomForest,2,0.143313,aws.docker,0.19.2,{'n_estimators': 2000},stable,2019-04-12T18:45:51,3.0,2000,271449761,,0.99422,,0.143313
openml.org/t/146821,car,RandomForest,3,0.145841,aws.docker,0.19.2,{'n_estimators': 2000},stable,2019-04-12T18:46:03,3.0,2000,271449762,,0.965318,,0.145841
openml.org/t/146821,car,RandomForest,1,0.129729,aws.docker,0.19.2,{'n_estimators': 2000},stable,2019-04-12T18:47:07,3.0,2000,271449760,,0.982659,,0.129729
openml.org/t/146821,car,RandomForest,4,0.134627,aws.docker,0.19.2,{'n_estimators': 2000},stable,2019-04-12T18:46:55,3.0,2000,271449763,,0.99422,,0.134627
openml.org/t/146821,car,RandomForest,5,0.156472,aws.docker,0.19.2,{'n_estimators': 2000},stable,2019-04-12T18:49:42,3.0,2000,271449764,,0.988439,,0.156472
openml.org/t/146821,car,RandomForest,6,0.130533,aws.docker,0.19.2,{'n_estimators': 2000},stable,2019-04-12T18:50:08,3.0,2000,271449765,,0.988439,,0.130533
openml.org/t/146821,car,RandomForest,7,0.148958,aws.docker,0.19.2,{'n_estimators': 2000},stable,2019-04-12T18:50:08,3.0,2000,271449766,,0.971098,,0.148958
openml.org/t/146821,car,RandomForest,8,0.150555,aws.docker,0.19.2,{'n_estimators': 2000},stable,2019-04-12T18:50:49,3.0,2000,271449767,,0.988372,,0.150555
openml.org/t/146821,car,RandomForest,9,0.155856,aws.docker,0.19.2,{'n_estimators': 2000},stable,2019-04-12T18:50:57,3.0,2000,271449768,,0.988372,,0.155856
openml.org/t/168908,christine,RandomForest,0,0.819426,aws.docker,0.19.2,{'n_estimators': 2000},stable,2019-04-12T18:55:13,40.7,2000,271449759,,0.732472,0.819426,
openml.org/t/168908,christine,RandomForest,1,0.81624,aws.docker,0.19.2,{'n_estimators': 2000},stable,2019-04-12T18:55:32,40.4,2000,271449760,,0.749077,0.81624,
openml.org/t/168908,christine,RandomForest,2,0.808547,aws.docker,0.19.2,{'n_estimators': 2000},stable,2019-04-12T18:55:35,40.0,2000,271449761,,0.738007,0.808547,
openml.org/t/168908,christine,RandomForest,3,0.797899,aws.docker,0.19.2,{'n_estimators': 2000},stable,2019-04-12T18:56:23,40.7,2000,271449762,,0.726937,0.797899,
openml.org/t/168908,christine,RandomForest,4,0.803032,aws.docker,0.19.2,{'n_estimators': 2000},stable,2019-04-12T18:56:27,40.5,2000,271449763,,0.704797,0.803032,
openml.org/t/168908,christine,RandomForest,5,0.815103,aws.docker,0.19.2,{'n_estimators': 2000},stable,2019-04-12T19:00:25,40.5,2000,271449764,,0.745387,0.815103,
openml.org/t/168908,christine,RandomForest,6,0.8111,aws.docker,0.19.2,{'n_estimators': 2000},stable,2019-04-12T19:00:38,40.0,2000,271449765,,0.739852,0.8111,
openml.org/t/168908,christine,RandomForest,7,0.813878,aws.docker,0.19.2,{'n_estimators': 2000},stable,2019-04-12T19:00:43,41.5,2000,271449766,,0.723247,0.813878,
openml.org/t/168908,christine,RandomForest,8,0.807483,aws.docker,0.19.2,{'n_estimators': 2000},stable,2019-04-12T19:01:29,40.5,2000,271449767,,0.720887,0.807483,
openml.org/t/168908,christine,RandomForest,9,0.765088,aws.docker,0.19.2,{'n_estimators': 2000},stable,2019-04-12T19:01:33,39.9,2000,271449768,,0.700555,0.765088,
openml.org/t/9981,cnae-9,RandomForest,0,0.269021,aws.docker,0.19.2,{'n_estimators': 2000},stable,2019-04-12T19:04:21,3.0,2000,271449759,,0.962963,,0.269021
openml.org/t/9981,cnae-9,RandomForest,1,0.372665,aws.docker,0.19.2,{'n_estimators': 2000},stable,2019-04-12T19:04:19,3.0,2000,271449760,,0.87037,,0.372665
openml.org/t/9981,cnae-9,RandomForest,2,0.269787,aws.docker,0.19.2,{'n_estimators': 2000},stable,2019-04-12T19:04:15,3.0,2000,271449761,,0.953704,,0.269787
openml.org/t/9981,cnae-9,RandomForest,3,0.350978,aws.docker,0.19.2,{'n_estimators': 2000},stable,2019-04-12T19:05:01,3.0,2000,271449762,,0.888889,,0.350978
openml.org/t/9981,cnae-9,RandomForest,4,0.306494,aws.docker,0.19.2,{'n_estimators': 2000},stable,2019-04-12T19:05:08,3.0,2000,271449763,,0.953704,,0.306494
openml.org/t/9981,cnae-9,RandomForest,5,0.287357,aws.docker,0.19.2,{'n_estimators': 2000},stable,2019-04-12T19:07:58,3.0,2000,271449764,,0.935185,,0.287357
openml.org/t/9981,cnae-9,RandomForest,6,0.282398,aws.docker,0.19.2,{'n_estimators': 2000},stable,2019-04-12T19:08:15,3.0,2000,271449765,,0.944444,,0.282398
openml.org/t/9981,cnae-9,RandomForest,7,0.318553,aws.docker,0.19.2,{'n_estimators': 2000},stable,2019-04-12T19:08:30,3.0,2000,271449766,,0.888889,,0.318553
openml.org/t/9981,cnae-9,RandomForest,8,0.278493,aws.docker,0.19.2,{'n_estimators': 2000},stable,2019-04-12T19:09:12,3.0,2000,271449767,,0.944444,,0.278493
openml.org/t/9981,cnae-9,RandomForest,9,0.273157,aws.docker,0.19.2,{'n_estimators': 2000},stable,2019-04-12T19:09:12,3.0,2000,271449768,,0.925926,,0.273157
openml.org/t/31,credit-g,RandomForest,0,0.86381,aws.docker,0.19.2,{'n_estimators': 2000},stable,2019-04-12T19:11:57,2.9,2000,271449759,,0.8,0.86381,
openml.org/t/31,credit-g,RandomForest,1,0.782143,aws.docker,0.19.2,{'n_estimators': 2000},stable,2019-04-12T19:12:17,2.8,2000,271449760,,0.75,0.782143,
openml.org/t/31,credit-g,RandomForest,2,0.757143,aws.docker,0.19.2,{'n_estimators': 2000},stable,2019-04-12T19:12:19,2.8,2000,271449761,,0.75,0.757143,
openml.org/t/31,credit-g,RandomForest,4,0.788571,aws.docker,0.19.2,{'n_estimators': 2000},stable,2019-04-12T19:13:14,2.9,2000,271449763,,0.71,0.788571,
openml.org/t/31,credit-g,RandomForest,3,0.770476,aws.docker,0.19.2,{'n_estimators': 2000},stable,2019-04-12T19:13:50,2.9,2000,271449762,,0.8,0.770476,
openml.org/t/31,credit-g,RandomForest,5,0.826429,aws.docker,0.19.2,{'n_estimators': 2000},stable,2019-04-12T19:16:08,2.8,2000,271449764,,0.78,0.826429,
openml.org/t/31,credit-g,RandomForest,6,0.818571,aws.docker,0.19.2,{'n_estimators': 2000},stable,2019-04-12T19:16:43,2.9,2000,271449765,,0.78,0.818571,
openml.org/t/31,credit-g,RandomForest,7,0.815952,aws.docker,0.19.2,{'n_estimators': 2000},stable,2019-04-12T19:16:24,2.9,2000,271449766,,0.79,0.815952,
openml.org/t/31,credit-g,RandomForest,8,0.746905,aws.docker,0.19.2,{'n_estimators': 2000},stable,2019-04-12T19:17:20,2.9,2000,271449767,,0.75,0.746905,
openml.org/t/31,credit-g,RandomForest,9,0.776667,aws.docker,0.19.2,{'n_estimators': 2000},stable,2019-04-12T19:18:14,2.9,2000,271449768,,0.76,0.776667,
openml.org/t/168909,dilbert,RandomForest,0,0.340596,aws.docker,0.19.2,{'n_estimators': 2000},stable,2019-04-12T19:24:32,120.8,2000,271449759,,0.974,,0.340596
openml.org/t/168909,dilbert,RandomForest,1,0.327737,aws.docker,0.19.2,{'n_estimators': 2000},stable,2019-04-12T19:24:31,121.9,2000,271449760,,0.977,,0.327737
openml.org/t/168909,dilbert,RandomForest,2,0.341346,aws.docker,0.19.2,{'n_estimators': 2000},stable,2019-04-12T19:24:34,119.4,2000,271449761,,0.965,,0.341346
openml.org/t/168909,dilbert,RandomForest,3,0.329654,aws.docker,0.19.2,{'n_estimators': 2000},stable,2019-04-12T19:25:36,119.5,2000,271449762,,0.982,,0.329654
openml.org/t/168909,dilbert,RandomForest,4,0.320549,aws.docker,0.19.2,{'n_estimators': 2000},stable,2019-04-12T19:26:34,117.7,2000,271449763,,0.979,,0.320549
openml.org/t/168909,dilbert,RandomForest,5,0.323316,aws.docker,0.19.2,{'n_estimators': 2000},stable,2019-04-12T19:32:49,119.7,2000,271449764,,0.979,,0.323316
openml.org/t/168909,dilbert,RandomForest,6,0.329258,aws.docker,0.19.2,{'n_estimators': 2000},stable,2019-04-12T19:32:39,118.3,2000,271449765,,0.979,,0.329258
openml.org/t/168909,dilbert,RandomForest,7,0.339344,aws.docker,0.19.2,{'n_estimators': 2000},stable,2019-04-12T19:32:40,121.1,2000,271449766,,0.978,,0.339344
openml.org/t/168909,dilbert,RandomForest,8,0.312003,aws.docker,0.19.2,{'n_estimators': 2000},stable,2019-04-12T19:33:35,120.1,2000,271449767,,0.977,,0.312003
openml.org/t/168909,dilbert,RandomForest,9,0.320157,aws.docker,0.19.2,{'n_estimators': 2000},stable,2019-04-12T19:34:24,119.6,2000,271449768,,0.981,,0.320157
openml.org/t/168910,fabert,RandomForest,1,0.786877,aws.docker,0.19.2,{'n_estimators': 2000},stable,2019-04-12T19:37:20,22.8,2000,271449760,,0.728155,,0.786877
openml.org/t/168910,fabert,RandomForest,0,0.769213,aws.docker,0.19.2,{'n_estimators': 2000},stable,2019-04-12T19:37:07,22.6,2000,271449759,,0.709951,,0.769213
openml.org/t/168910,fabert,RandomForest,2,0.794576,aws.docker,0.19.2,{'n_estimators': 2000},stable,2019-04-12T19:37:25,23.7,2000,271449761,,0.709951,,0.794576
openml.org/t/168910,fabert,RandomForest,4,0.807591,aws.docker,0.19.2,{'n_estimators': 2000},stable,2019-04-12T19:39:14,22.7,2000,271449763,,0.717233,,0.807591
openml.org/t/168910,fabert,RandomForest,3,0.810916,aws.docker,0.19.2,{'n_estimators': 2000},stable,2019-04-12T19:38:23,23.6,2000,271449762,,0.696602,,0.810916
openml.org/t/168910,fabert,RandomForest,5,0.765494,aws.docker,0.19.2,{'n_estimators': 2000},stable,2019-04-12T19:41:36,22.5,2000,271449764,,0.728155,,0.765494
openml.org/t/168910,fabert,RandomForest,6,0.823582,aws.docker,0.19.2,{'n_estimators': 2000},stable,2019-04-12T19:42:14,23.2,2000,271449765,,0.688107,,0.823582
openml.org/t/168910,fabert,RandomForest,8,0.874096,aws.docker,0.19.2,{'n_estimators': 2000},stable,2019-04-12T19:43:15,22.7,2000,271449767,,0.698663,,0.874096
openml.org/t/168910,fabert,RandomForest,7,0.815862,aws.docker,0.19.2,{'n_estimators': 2000},stable,2019-04-12T19:42:29,22.4,2000,271449766,,0.687728,,0.815862
openml.org/t/168910,fabert,RandomForest,9,0.822639,aws.docker,0.19.2,{'n_estimators': 2000},stable,2019-04-12T19:43:26,23.7,2000,271449768,,0.698663,,0.822639
openml.org/t/168911,jasmine,RandomForest,0,0.881723,aws.docker,0.19.2,{'n_estimators': 2000},stable,2019-04-12T19:45:46,3.3,2000,271449759,,0.816054,0.881723,
openml.org/t/168911,jasmine,RandomForest,1,0.894989,aws.docker,0.19.2,{'n_estimators': 2000},stable,2019-04-12T19:46:35,3.3,2000,271449760,,0.809365,0.894989,
openml.org/t/168911,jasmine,RandomForest,2,0.923647,aws.docker,0.19.2,{'n_estimators': 2000},stable,2019-04-12T19:46:40,3.3,2000,271449761,,0.852843,0.923647,
openml.org/t/168911,jasmine,RandomForest,3,0.867069,aws.docker,0.19.2,{'n_estimators': 2000},stable,2019-04-12T19:46:43,3.4,2000,271449762,,0.819398,0.867069,
openml.org/t/168911,jasmine,RandomForest,4,0.89032,aws.docker,0.19.2,{'n_estimators': 2000},stable,2019-04-12T19:47:49,3.3,2000,271449763,,0.795302,0.89032,
openml.org/t/168911,jasmine,RandomForest,5,0.887595,aws.docker,0.19.2,{'n_estimators': 2000},stable,2019-04-12T19:49:47,3.3,2000,271449764,,0.805369,0.887595,
openml.org/t/168911,jasmine,RandomForest,6,0.890996,aws.docker,0.19.2,{'n_estimators': 2000},stable,2019-04-12T19:50:29,3.4,2000,271449765,,0.83557,0.890996,
openml.org/t/168911,jasmine,RandomForest,7,0.863069,aws.docker,0.19.2,{'n_estimators': 2000},stable,2019-04-12T19:50:43,3.3,2000,271449766,,0.802013,0.863069,
openml.org/t/168911,jasmine,RandomForest,8,0.894825,aws.docker,0.19.2,{'n_estimators': 2000},stable,2019-04-12T19:50:45,3.3,2000,271449767,,0.832215,0.894825,
openml.org/t/168911,jasmine,RandomForest,9,0.888361,aws.docker,0.19.2,{'n_estimators': 2000},stable,2019-04-12T19:51:56,3.3,2000,271449768,,0.815436,0.888361,
openml.org/t/3917,kc1,RandomForest,0,0.860946,aws.docker,0.19.2,{'n_estimators': 2000},stable,2019-04-12T19:53:41,3.0,2000,271449759,,0.862559,0.860946,
openml.org/t/3917,kc1,RandomForest,1,0.816865,aws.docker,0.19.2,{'n_estimators': 2000},stable,2019-04-12T19:54:31,3.0,2000,271449760,,0.876777,0.816865,
openml.org/t/3917,kc1,RandomForest,2,0.870897,aws.docker,0.19.2,{'n_estimators': 2000},stable,2019-04-12T19:54:41,3.0,2000,271449761,,0.85782,0.870897,
openml.org/t/3917,kc1,RandomForest,3,0.844995,aws.docker,0.19.2,{'n_estimators': 2000},stable,2019-04-12T19:55:03,3.0,2000,271449762,,0.838863,0.844995,
openml.org/t/3917,kc1,RandomForest,4,0.770174,aws.docker,0.19.2,{'n_estimators': 2000},stable,2019-04-12T19:55:47,3.0,2000,271449763,,0.810427,0.770174,
openml.org/t/3917,kc1,RandomForest,5,0.811798,aws.docker,0.19.2,{'n_estimators': 2000},stable,2019-04-12T19:57:49,3.0,2000,271449764,,0.853081,0.811798,
openml.org/t/3917,kc1,RandomForest,6,0.862445,aws.docker,0.19.2,{'n_estimators': 2000},stable,2019-04-12T19:58:31,3.0,2000,271449765,,0.876777,0.862445,
openml.org/t/3917,kc1,RandomForest,8,0.882874,aws.docker,0.19.2,{'n_estimators': 2000},stable,2019-04-12T19:58:51,3.0,2000,271449767,,0.886256,0.882874,
openml.org/t/3917,kc1,RandomForest,7,0.850698,aws.docker,0.19.2,{'n_estimators': 2000},stable,2019-04-12T19:59:30,3.0,2000,271449766,,0.862559,0.850698,
openml.org/t/3917,kc1,RandomForest,9,0.790994,aws.docker,0.19.2,{'n_estimators': 2000},stable,2019-04-12T19:59:58,3.0,2000,271449768,,0.861905,0.790994,
openml.org/t/3,kr-vs-kp,RandomForest,0,0.999726,aws.docker,0.19.2,{'n_estimators': 2000},stable,2019-04-12T20:01:59,3.0,2000,271449759,,0.990625,0.999726,
openml.org/t/3,kr-vs-kp,RandomForest,1,0.998474,aws.docker,0.19.2,{'n_estimators': 2000},stable,2019-04-12T20:02:47,2.9,2000,271449760,,0.984375,0.998474,
openml.org/t/3,kr-vs-kp,RandomForest,2,0.999217,aws.docker,0.19.2,{'n_estimators': 2000},stable,2019-04-12T20:02:59,3.0,2000,271449761,,0.99375,0.999217,
openml.org/t/3,kr-vs-kp,RandomForest,3,1.0,aws.docker,0.19.2,{'n_estimators': 2000},stable,2019-04-12T20:04:24,3.0,2000,271449762,,1.0,1.0,
openml.org/t/3,kr-vs-kp,RandomForest,4,1.0,aws.docker,0.19.2,{'n_estimators': 2000},stable,2019-04-12T20:04:06,3.0,2000,271449763,,1.0,1.0,
openml.org/t/3,kr-vs-kp,RandomForest,5,1.0,aws.docker,0.19.2,{'n_estimators': 2000},stable,2019-04-12T20:06:03,3.0,2000,271449764,,0.996875,1.0,
openml.org/t/3,kr-vs-kp,RandomForest,6,0.998819,aws.docker,0.19.2,{'n_estimators': 2000},stable,2019-04-12T20:06:49,2.9,2000,271449765,,0.984326,0.998819,
openml.org/t/3,kr-vs-kp,RandomForest,7,0.995785,aws.docker,0.19.2,{'n_estimators': 2000},stable,2019-04-12T20:07:07,3.0,2000,271449766,,0.981191,0.995785,
openml.org/t/3,kr-vs-kp,RandomForest,8,0.999567,aws.docker,0.19.2,{'n_estimators': 2000},stable,2019-04-12T20:08:19,3.0,2000,271449767,,0.984326,0.999567,
openml.org/t/3,kr-vs-kp,RandomForest,9,0.999921,aws.docker,0.19.2,{'n_estimators': 2000},stable,2019-04-12T20:08:04,3.0,2000,271449768,,0.99373,0.999921,
openml.org/t/12,mfeat-factors,RandomForest,0,0.239322,aws.docker,0.19.2,{'n_estimators': 2000},stable,2019-04-12T20:10:23,4.6,2000,271449759,,0.97,,0.239322
openml.org/t/12,mfeat-factors,RandomForest,1,0.230387,aws.docker,0.19.2,{'n_estimators': 2000},stable,2019-04-12T20:10:52,4.7,2000,271449760,,0.97,,0.230387
openml.org/t/12,mfeat-factors,RandomForest,2,0.214088,aws.docker,0.19.2,{'n_estimators': 2000},stable,2019-04-12T20:11:05,4.8,2000,271449761,,0.975,,0.214088
openml.org/t/12,mfeat-factors,RandomForest,3,0.243224,aws.docker,0.19.2,{'n_estimators': 2000},stable,2019-04-12T20:12:13,4.8,2000,271449762,,0.965,,0.243224
openml.org/t/12,mfeat-factors,RandomForest,4,0.285229,aws.docker,0.19.2,{'n_estimators': 2000},stable,2019-04-12T20:12:08,4.7,2000,271449763,,0.95,,0.285229
openml.org/t/12,mfeat-factors,RandomForest,5,0.226923,aws.docker,0.19.2,{'n_estimators': 2000},stable,2019-04-12T20:14:26,4.7,2000,271449764,,0.98,,0.226923
openml.org/t/12,mfeat-factors,RandomForest,6,0.229508,aws.docker,0.19.2,{'n_estimators': 2000},stable,2019-04-12T20:15:09,4.6,2000,271449765,,0.98,,0.229508
openml.org/t/12,mfeat-factors,RandomForest,7,0.208719,aws.docker,0.19.2,{'n_estimators': 2000},stable,2019-04-12T20:15:16,4.7,2000,271449766,,0.965,,0.208719
openml.org/t/12,mfeat-factors,RandomForest,8,0.227893,aws.docker,0.19.2,{'n_estimators': 2000},stable,2019-04-12T20:16:12,4.7,2000,271449767,,0.975,,0.227893
openml.org/t/12,mfeat-factors,RandomForest,9,0.235608,aws.docker,0.19.2,{'n_estimators': 2000},stable,2019-04-12T20:16:19,4.8,2000,271449768,,0.985,,0.235608
openml.org/t/9952,phoneme,RandomForest,1,0.974365,aws.docker,0.19.2,{'n_estimators': 2000},stable,2019-04-12T20:18:57,4.2,2000,271449760,,0.926063,0.974365,
openml.org/t/9952,phoneme,RandomForest,0,0.96461,aws.docker,0.19.2,{'n_estimators': 2000},stable,2019-04-12T20:19:07,4.2,2000,271449759,,0.909427,0.96461,
openml.org/t/9952,phoneme,RandomForest,2,0.959383,aws.docker,0.19.2,{'n_estimators': 2000},stable,2019-04-12T20:19:18,4.2,2000,271449761,,0.900185,0.959383,
openml.org/t/9952,phoneme,RandomForest,3,0.959161,aws.docker,0.19.2,{'n_estimators': 2000},stable,2019-04-12T20:20:18,4.3,2000,271449762,,0.898336,0.959161,
openml.org/t/9952,phoneme,RandomForest,4,0.949533,aws.docker,0.19.2,{'n_estimators': 2000},stable,2019-04-12T20:20:12,4.2,2000,271449763,,0.905556,0.949533,
openml.org/t/9952,phoneme,RandomForest,5,0.97436,aws.docker,0.19.2,{'n_estimators': 2000},stable,2019-04-12T20:23:13,4.3,2000,271449764,,0.92963,0.97436,
openml.org/t/9952,phoneme,RandomForest,6,0.980681,aws.docker,0.19.2,{'n_estimators': 2000},stable,2019-04-12T20:23:20,4.2,2000,271449765,,0.935185,0.980681,
openml.org/t/9952,phoneme,RandomForest,7,0.968189,aws.docker,0.19.2,{'n_estimators': 2000},stable,2019-04-12T20:23:20,4.2,2000,271449766,,0.918519,0.968189,
openml.org/t/9952,phoneme,RandomForest,8,0.956949,aws.docker,0.19.2,{'n_estimators': 2000},stable,2019-04-12T20:24:20,4.2,2000,271449767,,0.896296,0.956949,
openml.org/t/9952,phoneme,RandomForest,9,0.966985,aws.docker,0.19.2,{'n_estimators': 2000},stable,2019-04-12T20:24:15,4.3,2000,271449768,,0.92037,0.966985,
openml.org/t/146822,segment,RandomForest,0,0.0944199,aws.docker,0.19.2,{'n_estimators': 2000},stable,2019-04-12T20:27:12,3.1,2000,271449759,,0.991342,,0.0944199
openml.org/t/146822,segment,RandomForest,1,0.105874,aws.docker,0.19.2,{'n_estimators': 2000},stable,2019-04-12T20:27:24,3.1,2000,271449760,,0.969697,,0.105874
openml.org/t/146822,segment,RandomForest,2,0.0722457,aws.docker,0.19.2,{'n_estimators': 2000},stable,2019-04-12T20:27:18,3.1,2000,271449761,,0.991342,,0.0722457
openml.org/t/146822,segment,RandomForest,3,0.0758675,aws.docker,0.19.2,{'n_estimators': 2000},stable,2019-04-12T20:28:11,3.1,2000,271449762,,0.978355,,0.0758675
openml.org/t/146822,segment,RandomForest,4,0.053565,aws.docker,0.19.2,{'n_estimators': 2000},stable,2019-04-12T20:29:01,3.1,2000,271449763,,0.991342,,0.053565
openml.org/t/146822,segment,RandomForest,6,0.0717697,aws.docker,0.19.2,{'n_estimators': 2000},stable,2019-04-12T20:31:26,3.1,2000,271449765,,0.987013,,0.0717697
openml.org/t/146822,segment,RandomForest,7,0.12408,aws.docker,0.19.2,{'n_estimators': 2000},stable,2019-04-12T20:31:28,3.1,2000,271449766,,0.95671,,0.12408
openml.org/t/146822,segment,RandomForest,5,0.0787057,aws.docker,0.19.2,{'n_estimators': 2000},stable,2019-04-12T20:32:05,3.1,2000,271449764,,0.974026,,0.0787057
openml.org/t/146822,segment,RandomForest,9,0.0846812,aws.docker,0.19.2,{'n_estimators': 2000},stable,2019-04-12T20:33:30,3.1,2000,271449768,,0.987013,,0.0846812
openml.org/t/146822,segment,RandomForest,8,0.0837557,aws.docker,0.19.2,{'n_estimators': 2000},stable,2019-04-12T20:40:03,3.1,2000,271449767,,0.978355,,0.0837557
openml.org/t/168912,sylvine,RandomForest,0,0.9779,aws.docker,0.19.2,{'n_estimators': 2000},stable,2019-04-12T20:35:35,4.8,2000,271449759,,0.927875,0.9779,
openml.org/t/168912,sylvine,RandomForest,1,0.987521,aws.docker,0.19.2,{'n_estimators': 2000},stable,2019-04-12T20:35:39,4.8,2000,271449760,,0.939571,0.987521,
openml.org/t/168912,sylvine,RandomForest,2,0.985576,aws.docker,0.19.2,{'n_estimators': 2000},stable,2019-04-12T20:36:22,4.8,2000,271449761,,0.949318,0.985576,
openml.org/t/168912,sylvine,RandomForest,3,0.98477,aws.docker,0.19.2,{'n_estimators': 2000},stable,2019-04-12T20:37:31,4.8,2000,271449762,,0.939571,0.98477,
openml.org/t/168912,sylvine,RandomForest,4,0.984947,aws.docker,0.19.2,{'n_estimators': 2000},stable,2019-04-12T20:39:34,4.8,2000,271449763,,0.939453,0.984947,
openml.org/t/168912,sylvine,RandomForest,5,0.977928,aws.docker,0.19.2,{'n_estimators': 2000},stable,2019-04-12T20:39:36,4.8,2000,271449764,,0.925781,0.977928,
openml.org/t/168912,sylvine,RandomForest,6,0.980469,aws.docker,0.19.2,{'n_estimators': 2000},stable,2019-04-12T20:40:39,4.8,2000,271449765,,0.935547,0.980469,
openml.org/t/168912,sylvine,RandomForest,7,0.980591,aws.docker,0.19.2,{'n_estimators': 2000},stable,2019-04-12T20:41:34,4.8,2000,271449766,,0.933594,0.980591,
openml.org/t/168912,sylvine,RandomForest,8,0.987068,aws.docker,0.19.2,{'n_estimators': 2000},stable,2019-04-12T20:43:43,4.8,2000,271449767,,0.943359,0.987068,
openml.org/t/168912,sylvine,RandomForest,9,0.986053,aws.docker,0.19.2,{'n_estimators': 2000},stable,2019-04-12T20:43:36,4.8,2000,271449768,,0.931641,0.986053,
openml.org/t/53,vehicle,RandomForest,0,0.494243,aws.docker,0.19.2,{'n_estimators': 2000},stable,2019-04-12T20:44:47,2.8,2000,271449759,,0.764706,,0.494243
openml.org/t/53,vehicle,RandomForest,1,0.504744,aws.docker,0.19.2,{'n_estimators': 2000},stable,2019-04-12T20:44:29,2.8,2000,271449760,,0.752941,,0.504744
openml.org/t/53,vehicle,RandomForest,2,0.537857,aws.docker,0.19.2,{'n_estimators': 2000},stable,2019-04-12T20:45:28,2.8,2000,271449761,,0.717647,,0.537857
openml.org/t/53,vehicle,RandomForest,4,0.479829,aws.docker,0.19.2,{'n_estimators': 2000},stable,2019-04-12T20:47:42,2.8,2000,271449763,,0.752941,,0.479829
openml.org/t/53,vehicle,RandomForest,3,0.457026,aws.docker,0.19.2,{'n_estimators': 2000},stable,2019-04-12T20:47:44,2.8,2000,271449762,,0.776471,,0.457026
openml.org/t/53,vehicle,RandomForest,5,0.502235,aws.docker,0.19.2,{'n_estimators': 2000},stable,2019-04-12T20:48:24,2.8,2000,271449764,,0.729412,,0.502235
openml.org/t/53,vehicle,RandomForest,6,0.489736,aws.docker,0.19.2,{'n_estimators': 2000},stable,2019-04-12T20:48:28,2.8,2000,271449765,,0.75,,0.489736
openml.org/t/53,vehicle,RandomForest,7,0.456213,aws.docker,0.19.2,{'n_estimators': 2000},stable,2019-04-12T20:50:06,2.8,2000,271449766,,0.797619,,0.456213
openml.org/t/53,vehicle,RandomForest,9,0.56554,aws.docker,0.19.2,{'n_estimators': 2000},stable,2019-04-12T20:51:56,2.8,2000,271449768,,0.714286,,0.56554
openml.org/t/53,vehicle,RandomForest,8,0.484552,aws.docker,0.19.2,{'n_estimators': 2000},stable,2019-04-12T20:51:42,2.8,2000,271449767,,0.714286,,0.484552
openml.org/t/146818,Australian,TunedRandomForest,0,0.944822,aws.docker,0.19.2,{'n_estimators': 2000},stable,2019-04-12T20:58:32,159.2,2000,1278429033,,0.884058,0.944822,
openml.org/t/146818,Australian,TunedRandomForest,1,0.910866,aws.docker,0.19.2,{'n_estimators': 2000},stable,2019-04-12T20:58:39,160.3,2000,1278429034,,0.884058,0.910866,
openml.org/t/146818,Australian,TunedRandomForest,2,0.910017,aws.docker,0.19.2,{'n_estimators': 2000},stable,2019-04-12T20:58:45,159.5,2000,1278429035,,0.84058,0.910017,
openml.org/t/146818,Australian,TunedRandomForest,3,0.931239,aws.docker,0.19.2,{'n_estimators': 2000},stable,2019-04-12T20:58:38,155.1,2000,1278429036,,0.84058,0.931239,
openml.org/t/146818,Australian,TunedRandomForest,4,0.951613,aws.docker,0.19.2,{'n_estimators': 2000},stable,2019-04-12T20:58:56,158.6,2000,1278429037,,0.884058,0.951613,
openml.org/t/146818,Australian,TunedRandomForest,5,0.976231,aws.docker,0.19.2,{'n_estimators': 2000},stable,2019-04-12T21:04:38,159.0,2000,1278429038,,0.869565,0.976231,
openml.org/t/146818,Australian,TunedRandomForest,6,0.915535,aws.docker,0.19.2,{'n_estimators': 2000},stable,2019-04-12T21:04:48,159.4,2000,1278429039,,0.884058,0.915535,
openml.org/t/146818,Australian,TunedRandomForest,7,0.935043,aws.docker,0.19.2,{'n_estimators': 2000},stable,2019-04-12T21:04:48,159.4,2000,1278429040,,0.898551,0.935043,
openml.org/t/146818,Australian,TunedRandomForest,8,0.954274,aws.docker,0.19.2,{'n_estimators': 2000},stable,2019-04-12T21:04:55,158.2,2000,1278429041,,0.869565,0.954274,
openml.org/t/146818,Australian,TunedRandomForest,9,0.909402,aws.docker,0.19.2,{'n_estimators': 2000},stable,2019-04-12T21:04:58,159.4,2000,1278429042,,0.811594,0.909402,
openml.org/t/10101,blood-transfusion,TunedRandomForest,0,0.761696,aws.docker,0.19.2,{'n_estimators': 2000},stable,2019-04-12T21:09:10,66.1,2000,1278429033,,0.746667,0.761696,
openml.org/t/10101,blood-transfusion,TunedRandomForest,1,0.700292,aws.docker,0.19.2,{'n_estimators': 2000},stable,2019-04-12T21:09:18,65.8,2000,1278429034,,0.733333,0.700292,
openml.org/t/10101,blood-transfusion,TunedRandomForest,2,0.625731,aws.docker,0.19.2,{'n_estimators': 2000},stable,2019-04-12T21:09:18,66.0,2000,1278429035,,0.746667,0.625731,
openml.org/t/10101,blood-transfusion,TunedRandomForest,3,0.673002,aws.docker,0.19.2,{'n_estimators': 2000},stable,2019-04-12T21:09:22,66.4,2000,1278429036,,0.733333,0.673002,
openml.org/t/10101,blood-transfusion,TunedRandomForest,4,0.808967,aws.docker,0.19.2,{'n_estimators': 2000},stable,2019-04-12T21:09:30,66.7,2000,1278429037,,0.826667,0.808967,
openml.org/t/10101,blood-transfusion,TunedRandomForest,5,0.656433,aws.docker,0.19.2,{'n_estimators': 2000},stable,2019-04-12T21:14:23,66.9,2000,1278429038,,0.72,0.656433,
openml.org/t/10101,blood-transfusion,TunedRandomForest,6,0.674951,aws.docker,0.19.2,{'n_estimators': 2000},stable,2019-04-12T21:14:16,66.6,2000,1278429039,,0.72,0.674951,
openml.org/t/10101,blood-transfusion,TunedRandomForest,7,0.62232,aws.docker,0.19.2,{'n_estimators': 2000},stable,2019-04-12T21:14:22,66.5,2000,1278429040,,0.76,0.62232,
openml.org/t/10101,blood-transfusion,TunedRandomForest,8,0.727554,aws.docker,0.19.2,{'n_estimators': 2000},stable,2019-04-12T21:14:32,65.7,2000,1278429041,,0.824324,0.727554,
openml.org/t/10101,blood-transfusion,TunedRandomForest,9,0.634675,aws.docker,0.19.2,{'n_estimators': 2000},stable,2019-04-12T21:14:30,65.5,2000,1278429042,,0.702703,0.634675,
openml.org/t/146821,car,TunedRandomForest,0,0.0559321,aws.docker,0.19.2,{'n_estimators': 2000},stable,2019-04-12T21:19:53,103.2,2000,1278429033,,0.982659,,0.0559321
openml.org/t/146821,car,TunedRandomForest,1,0.0425033,aws.docker,0.19.2,{'n_estimators': 2000},stable,2019-04-12T21:19:58,102.9,2000,1278429034,,0.982659,,0.0425033
openml.org/t/146821,car,TunedRandomForest,2,0.0408594,aws.docker,0.19.2,{'n_estimators': 2000},stable,2019-04-12T21:20:10,102.3,2000,1278429035,,0.982659,,0.0408594
openml.org/t/146821,car,TunedRandomForest,3,0.040762,aws.docker,0.19.2,{'n_estimators': 2000},stable,2019-04-12T21:20:29,103.4,2000,1278429036,,0.982659,,0.040762
openml.org/t/146821,car,TunedRandomForest,4,0.0381284,aws.docker,0.19.2,{'n_estimators': 2000},stable,2019-04-12T21:20:19,102.5,2000,1278429037,,1.0,,0.0381284
openml.org/t/146821,car,TunedRandomForest,5,0.065056,aws.docker,0.19.2,{'n_estimators': 2000},stable,2019-04-12T21:26:00,102.6,2000,1278429038,,0.959538,,0.065056
openml.org/t/146821,car,TunedRandomForest,8,0.0397269,aws.docker,0.19.2,{'n_estimators': 2000},stable,2019-04-12T21:26:11,102.5,2000,1278429041,,0.988372,,0.0397269
openml.org/t/146821,car,TunedRandomForest,9,0.0384348,aws.docker,0.19.2,{'n_estimators': 2000},stable,2019-04-12T21:26:17,102.9,2000,1278429042,,0.982558,,0.0384348
openml.org/t/146821,car,TunedRandomForest,6,0.0397531,aws.docker,0.19.2,{'n_estimators': 2000},stable,2019-04-12T21:26:34,102.5,2000,1278429039,,0.99422,,0.0397531
openml.org/t/146821,car,TunedRandomForest,7,0.0711601,aws.docker,0.19.2,{'n_estimators': 2000},stable,2019-04-12T21:26:11,102.9,2000,1278429040,,0.953757,,0.0711601
openml.org/t/168908,christine,TunedRandomForest,0,0.828509,aws.docker,0.19.2,{'n_estimators': 2000},stable,2019-04-12T22:27:44,3457.2,2000,1278429033,,0.732472,0.828509,
openml.org/t/168908,christine,TunedRandomForest,1,0.821673,aws.docker,0.19.2,{'n_estimators': 2000},stable,2019-04-12T22:27:57,3456.2,2000,1278429034,,0.745387,0.821673,
openml.org/t/168908,christine,TunedRandomForest,2,0.813333,aws.docker,0.19.2,{'n_estimators': 2000},stable,2019-04-12T22:28:07,3456.3,2000,1278429035,,0.752768,0.813333,
openml.org/t/168908,christine,TunedRandomForest,3,0.802746,aws.docker,0.19.2,{'n_estimators': 2000},stable,2019-04-12T22:29:05,3461.9,2000,1278429036,,0.725092,0.802746,
openml.org/t/168908,christine,TunedRandomForest,4,0.800758,aws.docker,0.19.2,{'n_estimators': 2000},stable,2019-04-12T22:28:55,3451.5,2000,1278429037,,0.704797,0.800758,
openml.org/t/168908,christine,TunedRandomForest,5,0.815723,aws.docker,0.19.2,{'n_estimators': 2000},stable,2019-04-12T23:30:47,3460.9,2000,1278429038,,0.749077,0.815723,
openml.org/t/168908,christine,TunedRandomForest,6,0.813565,aws.docker,0.19.2,{'n_estimators': 2000},stable,2019-04-12T23:31:10,3462.3,2000,1278429039,,0.750923,0.813565,
openml.org/t/168908,christine,TunedRandomForest,7,0.817425,aws.docker,0.19.2,{'n_estimators': 2000},stable,2019-04-12T23:30:38,3460.1,2000,1278429040,,0.736162,0.817425,
openml.org/t/168908,christine,TunedRandomForest,8,0.804449,aws.docker,0.19.2,{'n_estimators': 2000},stable,2019-04-12T23:31:31,3463.3,2000,1278429041,,0.724584,0.804449,
openml.org/t/168908,christine,TunedRandomForest,9,0.777846,aws.docker,0.19.2,{'n_estimators': 2000},stable,2019-04-12T23:31:25,3458.4,2000,1278429042,,0.700555,0.777846,
openml.org/t/9981,cnae-9,TunedRandomForest,0,0.279202,aws.docker,0.19.2,{'n_estimators': 2000},stable,2019-04-12T23:38:10,224.5,2000,1278429033,,0.916667,,0.279202
openml.org/t/9981,cnae-9,TunedRandomForest,1,0.43435,aws.docker,0.19.2,{'n_estimators': 2000},stable,2019-04-12T23:38:22,227.4,2000,1278429034,,0.851852,,0.43435
openml.org/t/9981,cnae-9,TunedRandomForest,2,0.220584,aws.docker,0.19.2,{'n_estimators': 2000},stable,2019-04-12T23:38:29,226.6,2000,1278429035,,0.916667,,0.220584
openml.org/t/9981,cnae-9,TunedRandomForest,3,0.400343,aws.docker,0.19.2,{'n_estimators': 2000},stable,2019-04-12T23:39:38,227.0,2000,1278429036,,0.842593,,0.400343
openml.org/t/9981,cnae-9,TunedRandomForest,4,0.293283,aws.docker,0.19.2,{'n_estimators': 2000},stable,2019-04-12T23:39:25,228.6,2000,1278429037,,0.925926,,0.293283
openml.org/t/9981,cnae-9,TunedRandomForest,5,0.262864,aws.docker,0.19.2,{'n_estimators': 2000},stable,2019-04-12T23:45:29,227.1,2000,1278429038,,0.916667,,0.262864
openml.org/t/9981,cnae-9,TunedRandomForest,7,0.321545,aws.docker,0.19.2,{'n_estimators': 2000},stable,2019-04-12T23:46:23,222.6,2000,1278429040,,0.898148,,0.321545
openml.org/t/9981,cnae-9,TunedRandomForest,8,0.275116,aws.docker,0.19.2,{'n_estimators': 2000},stable,2019-04-12T23:47:16,226.0,2000,1278429041,,0.953704,,0.275116
openml.org/t/9981,cnae-9,TunedRandomForest,6,0.25799,aws.docker,0.19.2,{'n_estimators': 2000},stable,2019-04-12T23:46:24,224.0,2000,1278429039,,0.907407,,0.25799
openml.org/t/9981,cnae-9,TunedRandomForest,9,0.226805,aws.docker,0.19.2,{'n_estimators': 2000},stable,2019-04-12T23:47:28,228.6,2000,1278429042,,0.916667,,0.226805
openml.org/t/31,credit-g,TunedRandomForest,0,0.869524,aws.docker,0.19.2,{'n_estimators': 2000},stable,2019-04-12T23:52:25,174.5,2000,1278429033,,0.79,0.869524,
openml.org/t/31,credit-g,TunedRandomForest,1,0.788571,aws.docker,0.19.2,{'n_estimators': 2000},stable,2019-04-12T23:52:38,173.8,2000,1278429034,,0.75,0.788571,
openml.org/t/31,credit-g,TunedRandomForest,2,0.765238,aws.docker,0.19.2,{'n_estimators': 2000},stable,2019-04-12T23:53:40,174.2,2000,1278429035,,0.77,0.765238,
openml.org/t/31,credit-g,TunedRandomForest,3,0.763571,aws.docker,0.19.2,{'n_estimators': 2000},stable,2019-04-12T23:53:30,172.0,2000,1278429036,,0.78,0.763571,
openml.org/t/31,credit-g,TunedRandomForest,4,0.762381,aws.docker,0.19.2,{'n_estimators': 2000},stable,2019-04-12T23:54:39,174.5,2000,1278429037,,0.7,0.762381,
openml.org/t/31,credit-g,TunedRandomForest,5,0.832143,aws.docker,0.19.2,{'n_estimators': 2000},stable,2019-04-12T23:59:35,174.5,2000,1278429038,,0.77,0.832143,
openml.org/t/31,credit-g,TunedRandomForest,6,0.811905,aws.docker,0.19.2,{'n_estimators': 2000},stable,2019-04-12T23:59:50,175.8,2000,1278429039,,0.74,0.811905,
openml.org/t/31,credit-g,TunedRandomForest,7,0.82619,aws.docker,0.19.2,{'n_estimators': 2000},stable,2019-04-13T00:00:31,174.4,2000,1278429040,,0.75,0.82619,
openml.org/t/31,credit-g,TunedRandomForest,8,0.747857,aws.docker,0.19.2,{'n_estimators': 2000},stable,2019-04-13T00:00:43,175.1,2000,1278429041,,0.76,0.747857,
openml.org/t/31,credit-g,TunedRandomForest,9,0.787857,aws.docker,0.19.2,{'n_estimators': 2000},stable,2019-04-13T00:01:40,174.2,2000,1278429042,,0.75,0.787857,
openml.org/t/168909,dilbert,TunedRandomForest,0,0.340044,aws.docker,0.19.2,{'n_estimators': 2000},stable,2019-04-13T00:58:52,3177.0,2000,1278429033,,0.971,,0.340044
openml.org/t/168909,dilbert,TunedRandomForest,1,0.327063,aws.docker,0.19.2,{'n_estimators': 2000},stable,2019-04-13T00:59:14,3177.7,2000,1278429034,,0.977,,0.327063
openml.org/t/168909,dilbert,TunedRandomForest,2,0.340701,aws.docker,0.19.2,{'n_estimators': 2000},stable,2019-04-13T00:59:51,3174.5,2000,1278429035,,0.969,,0.340701
openml.org/t/168909,dilbert,TunedRandomForest,3,0.330345,aws.docker,0.19.2,{'n_estimators': 2000},stable,2019-04-13T01:00:09,3177.0,2000,1278429036,,0.98,,0.330345
openml.org/t/168909,dilbert,TunedRandomForest,4,0.322185,aws.docker,0.19.2,{'n_estimators': 2000},stable,2019-04-13T01:01:00,3177.5,2000,1278429037,,0.978,,0.322185
openml.org/t/168909,dilbert,TunedRandomForest,5,0.322475,aws.docker,0.19.2,{'n_estimators': 2000},stable,2019-04-13T01:57:26,3177.1,2000,1278429038,,0.979,,0.322475
openml.org/t/168909,dilbert,TunedRandomForest,7,0.339286,aws.docker,0.19.2,{'n_estimators': 2000},stable,2019-04-13T01:59:28,3178.6,2000,1278429040,,0.977,,0.339286
openml.org/t/168909,dilbert,TunedRandomForest,8,0.312667,aws.docker,0.19.2,{'n_estimators': 2000},stable,2019-04-13T01:59:31,3176.4,2000,1278429041,,0.978,,0.312667
openml.org/t/168909,dilbert,TunedRandomForest,6,0.330348,aws.docker,0.19.2,{'n_estimators': 2000},stable,2019-04-13T01:59:41,3177.3,2000,1278429039,,0.98,,0.330348
openml.org/t/168909,dilbert,TunedRandomForest,9,0.321395,aws.docker,0.19.2,{'n_estimators': 2000},stable,2019-04-13T02:00:25,3177.4,2000,1278429042,,0.98,,0.321395
openml.org/t/168910,fabert,TunedRandomForest,0,0.771338,aws.docker,0.19.2,{'n_estimators': 2000},stable,2019-04-13T02:54:12,3083.1,2000,1278429033,,0.707524,,0.771338
openml.org/t/168910,fabert,TunedRandomForest,2,0.792336,aws.docker,0.19.2,{'n_estimators': 2000},stable,2019-04-13T02:55:44,3083.9,2000,1278429035,,0.713592,,0.792336
openml.org/t/168910,fabert,TunedRandomForest,3,0.816932,aws.docker,0.19.2,{'n_estimators': 2000},stable,2019-04-13T02:55:50,3083.3,2000,1278429036,,0.694175,,0.816932
openml.org/t/168910,fabert,TunedRandomForest,1,0.791156,aws.docker,0.19.2,{'n_estimators': 2000},stable,2019-04-13T02:56:04,3084.4,2000,1278429034,,0.720874,,0.791156
openml.org/t/168910,fabert,TunedRandomForest,4,0.80851,aws.docker,0.19.2,{'n_estimators': 2000},stable,2019-04-13T02:56:54,3083.1,2000,1278429037,,0.713592,,0.80851
openml.org/t/168910,fabert,TunedRandomForest,5,0.766911,aws.docker,0.19.2,{'n_estimators': 2000},stable,2019-04-13T03:49:58,3083.2,2000,1278429038,,0.731796,,0.766911
openml.org/t/168910,fabert,TunedRandomForest,6,0.825089,aws.docker,0.19.2,{'n_estimators': 2000},stable,2019-04-13T03:51:05,3084.5,2000,1278429039,,0.696602,,0.825089
openml.org/t/168910,fabert,TunedRandomForest,7,0.818611,aws.docker,0.19.2,{'n_estimators': 2000},stable,2019-04-13T03:51:16,3083.1,2000,1278429040,,0.686513,,0.818611
openml.org/t/168910,fabert,TunedRandomForest,8,0.838246,aws.docker,0.19.2,{'n_estimators': 2000},stable,2019-04-13T03:51:59,3082.5,2000,1278429041,,0.699878,,0.838246
openml.org/t/168910,fabert,TunedRandomForest,9,0.827229,aws.docker,0.19.2,{'n_estimators': 2000},stable,2019-04-13T03:53:02,3082.8,2000,1278429042,,0.692588,,0.827229
openml.org/t/168911,jasmine,TunedRandomForest,0,0.880425,aws.docker,0.19.2,{'n_estimators': 2000},stable,2019-04-13T03:58:03,266.6,2000,1278429033,,0.816054,0.880425,
openml.org/t/168911,jasmine,TunedRandomForest,1,0.895034,aws.docker,0.19.2,{'n_estimators': 2000},stable,2019-04-13T03:59:09,268.9,2000,1278429034,,0.80602,0.895034,
openml.org/t/168911,jasmine,TunedRandomForest,2,0.92349,aws.docker,0.19.2,{'n_estimators': 2000},stable,2019-04-13T03:59:19,263.1,2000,1278429035,,0.852843,0.92349,
openml.org/t/168911,jasmine,TunedRandomForest,3,0.872438,aws.docker,0.19.2,{'n_estimators': 2000},stable,2019-04-13T03:59:55,267.7,2000,1278429036,,0.829431,0.872438,
openml.org/t/168911,jasmine,TunedRandomForest,4,0.890343,aws.docker,0.19.2,{'n_estimators': 2000},stable,2019-04-13T04:01:23,269.9,2000,1278429037,,0.791946,0.890343,
openml.org/t/168911,jasmine,TunedRandomForest,5,0.890568,aws.docker,0.19.2,{'n_estimators': 2000},stable,2019-04-13T04:06:43,267.8,2000,1278429038,,0.805369,0.890568,
openml.org/t/168911,jasmine,TunedRandomForest,7,0.863812,aws.docker,0.19.2,{'n_estimators': 2000},stable,2019-04-13T04:07:47,268.2,2000,1278429040,,0.798658,0.863812,
openml.org/t/168911,jasmine,TunedRandomForest,8,0.894757,aws.docker,0.19.2,{'n_estimators': 2000},stable,2019-04-13T04:08:21,269.5,2000,1278429041,,0.832215,0.894757,
openml.org/t/168911,jasmine,TunedRandomForest,6,0.892617,aws.docker,0.19.2,{'n_estimators': 2000},stable,2019-04-13T04:08:29,268.8,2000,1278429039,,0.828859,0.892617,
openml.org/t/168911,jasmine,TunedRandomForest,9,0.887843,aws.docker,0.19.2,{'n_estimators': 2000},stable,2019-04-13T04:10:13,268.7,2000,1278429042,,0.812081,0.887843,
openml.org/t/3917,kc1,TunedRandomForest,0,0.856145,aws.docker,0.19.2,{'n_estimators': 2000},stable,2019-04-13T04:14:02,202.7,2000,1278429033,,0.876777,0.856145,
openml.org/t/3917,kc1,TunedRandomForest,1,0.823149,aws.docker,0.19.2,{'n_estimators': 2000},stable,2019-04-13T04:15:34,203.8,2000,1278429034,,0.886256,0.823149,
openml.org/t/3917,kc1,TunedRandomForest,2,0.884166,aws.docker,0.19.2,{'n_estimators': 2000},stable,2019-04-13T04:16:02,203.0,2000,1278429035,,0.853081,0.884166,
openml.org/t/3917,kc1,TunedRandomForest,3,0.847463,aws.docker,0.19.2,{'n_estimators': 2000},stable,2019-04-13T04:16:12,203.0,2000,1278429036,,0.853081,0.847463,
openml.org/t/3917,kc1,TunedRandomForest,4,0.782516,aws.docker,0.19.2,{'n_estimators': 2000},stable,2019-04-13T04:17:03,204.4,2000,1278429037,,0.834123,0.782516,
openml.org/t/3917,kc1,TunedRandomForest,5,0.818863,aws.docker,0.19.2,{'n_estimators': 2000},stable,2019-04-13T04:21:16,204.0,2000,1278429038,,0.853081,0.818863,
openml.org/t/3917,kc1,TunedRandomForest,6,0.860827,aws.docker,0.19.2,{'n_estimators': 2000},stable,2019-04-13T04:22:32,204.0,2000,1278429039,,0.886256,0.860827,
openml.org/t/3917,kc1,TunedRandomForest,7,0.860742,aws.docker,0.19.2,{'n_estimators': 2000},stable,2019-04-13T04:23:06,200.6,2000,1278429040,,0.853081,0.860742,
openml.org/t/3917,kc1,TunedRandomForest,8,0.891726,aws.docker,0.19.2,{'n_estimators': 2000},stable,2019-04-13T04:23:15,204.6,2000,1278429041,,0.881517,0.891726,
openml.org/t/3917,kc1,TunedRandomForest,9,0.795822,aws.docker,0.19.2,{'n_estimators': 2000},stable,2019-04-13T04:24:04,201.0,2000,1278429042,,0.866667,0.795822,
openml.org/t/3,kr-vs-kp,TunedRandomForest,0,0.999883,aws.docker,0.19.2,{'n_estimators': 2000},stable,2019-04-13T04:28:08,196.0,2000,1278429033,,0.99375,0.999883,
openml.org/t/3,kr-vs-kp,TunedRandomForest,1,0.999961,aws.docker,0.19.2,{'n_estimators': 2000},stable,2019-04-13T04:29:30,191.3,2000,1278429034,,0.99375,0.999961,
openml.org/t/3,kr-vs-kp,TunedRandomForest,2,0.999609,aws.docker,0.19.2,{'n_estimators': 2000},stable,2019-04-13T04:30:00,193.0,2000,1278429035,,0.996875,0.999609,
openml.org/t/3,kr-vs-kp,TunedRandomForest,3,1.0,aws.docker,0.19.2,{'n_estimators': 2000},stable,2019-04-13T04:30:14,194.2,2000,1278429036,,1.0,1.0,
openml.org/t/3,kr-vs-kp,TunedRandomForest,4,1.0,aws.docker,0.19.2,{'n_estimators': 2000},stable,2019-04-13T04:31:02,194.1,2000,1278429037,,1.0,1.0,
openml.org/t/3,kr-vs-kp,TunedRandomForest,5,1.0,aws.docker,0.19.2,{'n_estimators': 2000},stable,2019-04-13T04:35:07,192.9,2000,1278429038,,1.0,1.0,
openml.org/t/3,kr-vs-kp,TunedRandomForest,6,0.999921,aws.docker,0.19.2,{'n_estimators': 2000},stable,2019-04-13T04:36:36,194.9,2000,1278429039,,0.99373,0.999921,
openml.org/t/3,kr-vs-kp,TunedRandomForest,7,0.997104,aws.docker,0.19.2,{'n_estimators': 2000},stable,2019-04-13T04:37:14,192.6,2000,1278429040,,0.981191,0.997104,
openml.org/t/3,kr-vs-kp,TunedRandomForest,8,1.0,aws.docker,0.19.2,{'n_estimators': 2000},stable,2019-04-13T04:37:18,196.0,2000,1278429041,,0.996865,1.0,
openml.org/t/3,kr-vs-kp,TunedRandomForest,9,1.0,aws.docker,0.19.2,{'n_estimators': 2000},stable,2019-04-13T04:38:13,193.5,2000,1278429042,,1.0,1.0,
openml.org/t/12,mfeat-factors,TunedRandomForest,0,0.197744,aws.docker,0.19.2,{'n_estimators': 2000},stable,2019-04-13T04:50:14,672.8,2000,1278429033,,0.97,,0.197744
openml.org/t/12,mfeat-factors,TunedRandomForest,1,0.211867,aws.docker,0.19.2,{'n_estimators': 2000},stable,2019-04-13T04:51:42,668.8,2000,1278429034,,0.945,,0.211867
openml.org/t/12,mfeat-factors,TunedRandomForest,2,0.183917,aws.docker,0.19.2,{'n_estimators': 2000},stable,2019-04-13T04:52:09,669.0,2000,1278429035,,0.965,,0.183917
openml.org/t/12,mfeat-factors,TunedRandomForest,3,0.202612,aws.docker,0.19.2,{'n_estimators': 2000},stable,2019-04-13T04:52:43,680.8,2000,1278429036,,0.96,,0.202612
openml.org/t/12,mfeat-factors,TunedRandomForest,4,0.269824,aws.docker,0.19.2,{'n_estimators': 2000},stable,2019-04-13T04:53:00,661.2,2000,1278429037,,0.935,,0.269824
openml.org/t/12,mfeat-factors,TunedRandomForest,5,0.190543,aws.docker,0.19.2,{'n_estimators': 2000},stable,2019-04-13T05:05:05,656.8,2000,1278429038,,0.965,,0.190543
openml.org/t/12,mfeat-factors,TunedRandomForest,6,0.209388,aws.docker,0.19.2,{'n_estimators': 2000},stable,2019-04-13T05:06:35,662.1,2000,1278429039,,0.965,,0.209388
openml.org/t/12,mfeat-factors,TunedRandomForest,7,0.162081,aws.docker,0.19.2,{'n_estimators': 2000},stable,2019-04-13T05:07:26,680.1,2000,1278429040,,0.98,,0.162081
openml.org/t/12,mfeat-factors,TunedRandomForest,8,0.182093,aws.docker,0.19.2,{'n_estimators': 2000},stable,2019-04-13T05:07:30,670.0,2000,1278429041,,0.965,,0.182093
openml.org/t/12,mfeat-factors,TunedRandomForest,9,0.200257,aws.docker,0.19.2,{'n_estimators': 2000},stable,2019-04-13T05:08:21,671.4,2000,1278429042,,0.945,,0.200257
openml.org/t/9952,phoneme,TunedRandomForest,0,0.964232,aws.docker,0.19.2,{'n_estimators': 2000},stable,2019-04-13T05:11:42,122.0,2000,1278429033,,0.90573,0.964232,
openml.org/t/9952,phoneme,TunedRandomForest,1,0.975798,aws.docker,0.19.2,{'n_estimators': 2000},stable,2019-04-13T05:12:44,122.3,2000,1278429034,,0.920518,0.975798,
openml.org/t/9952,phoneme,TunedRandomForest,2,0.959852,aws.docker,0.19.2,{'n_estimators': 2000},stable,2019-04-13T05:13:25,122.2,2000,1278429035,,0.89464,0.959852,
openml.org/t/9952,phoneme,TunedRandomForest,3,0.960692,aws.docker,0.19.2,{'n_estimators': 2000},stable,2019-04-13T05:13:21,119.5,2000,1278429036,,0.900185,0.960692,
openml.org/t/9952,phoneme,TunedRandomForest,4,0.950908,aws.docker,0.19.2,{'n_estimators': 2000},stable,2019-04-13T05:14:21,121.5,2000,1278429037,,0.909259,0.950908,
openml.org/t/9952,phoneme,TunedRandomForest,5,0.974675,aws.docker,0.19.2,{'n_estimators': 2000},stable,2019-04-13T05:17:25,122.0,2000,1278429038,,0.927778,0.974675,
openml.org/t/9952,phoneme,TunedRandomForest,6,0.979787,aws.docker,0.19.2,{'n_estimators': 2000},stable,2019-04-13T05:18:47,122.5,2000,1278429039,,0.931481,0.979787,
openml.org/t/9952,phoneme,TunedRandomForest,7,0.967675,aws.docker,0.19.2,{'n_estimators': 2000},stable,2019-04-13T05:19:22,122.1,2000,1278429040,,0.922222,0.967675,
openml.org/t/9952,phoneme,TunedRandomForest,8,0.956941,aws.docker,0.19.2,{'n_estimators': 2000},stable,2019-04-13T05:19:32,121.6,2000,1278429041,,0.901852,0.956941,
openml.org/t/9952,phoneme,TunedRandomForest,9,0.966746,aws.docker,0.19.2,{'n_estimators': 2000},stable,2019-04-13T05:20:28,122.2,2000,1278429042,,0.92037,0.966746,
openml.org/t/146822,segment,TunedRandomForest,0,0.0753243,aws.docker,0.19.2,{'n_estimators': 2000},stable,2019-04-13T05:25:06,207.9,2000,1278429033,,0.987013,,0.0753243
openml.org/t/146822,segment,TunedRandomForest,1,0.0894504,aws.docker,0.19.2,{'n_estimators': 2000},stable,2019-04-13T05:26:23,209.2,2000,1278429034,,0.982684,,0.0894504
openml.org/t/146822,segment,TunedRandomForest,2,0.0504998,aws.docker,0.19.2,{'n_estimators': 2000},stable,2019-04-13T05:26:53,209.9,2000,1278429035,,0.995671,,0.0504998
openml.org/t/146822,segment,TunedRandomForest,3,0.060392,aws.docker,0.19.2,{'n_estimators': 2000},stable,2019-04-13T05:27:10,209.8,2000,1278429036,,0.978355,,0.060392
openml.org/t/146822,segment,TunedRandomForest,4,0.0341135,aws.docker,0.19.2,{'n_estimators': 2000},stable,2019-04-13T05:27:51,209.4,2000,1278429037,,0.995671,,0.0341135
openml.org/t/146822,segment,TunedRandomForest,5,0.0626098,aws.docker,0.19.2,{'n_estimators': 2000},stable,2019-04-13T05:31:58,208.7,2000,1278429038,,0.969697,,0.0626098
openml.org/t/146822,segment,TunedRandomForest,6,0.0617661,aws.docker,0.19.2,{'n_estimators': 2000},stable,2019-04-13T05:33:18,208.0,2000,1278429039,,0.982684,,0.0617661
openml.org/t/146822,segment,TunedRandomForest,7,0.118203,aws.docker,0.19.2,{'n_estimators': 2000},stable,2019-04-13T05:33:57,208.9,2000,1278429040,,0.95671,,0.118203
openml.org/t/146822,segment,TunedRandomForest,8,0.0711599,aws.docker,0.19.2,{'n_estimators': 2000},stable,2019-04-13T05:34:00,203.3,2000,1278429041,,0.974026,,0.0711599
openml.org/t/146822,segment,TunedRandomForest,9,0.0644698,aws.docker,0.19.2,{'n_estimators': 2000},stable,2019-04-13T05:34:48,204.6,2000,1278429042,,0.987013,,0.0644698
openml.org/t/168912,sylvine,TunedRandomForest,0,0.97882,aws.docker,0.19.2,{'n_estimators': 2000},stable,2019-04-13T05:41:53,377.3,2000,1278429033,,0.931774,0.97882,
openml.org/t/168912,sylvine,TunedRandomForest,1,0.987688,aws.docker,0.19.2,{'n_estimators': 2000},stable,2019-04-13T05:43:44,377.7,2000,1278429034,,0.947368,0.987688,
openml.org/t/168912,sylvine,TunedRandomForest,2,0.985895,aws.docker,0.19.2,{'n_estimators': 2000},stable,2019-04-13T05:44:03,383.3,2000,1278429035,,0.949318,0.985895,
openml.org/t/168912,sylvine,TunedRandomForest,3,0.986108,aws.docker,0.19.2,{'n_estimators': 2000},stable,2019-04-13T05:44:01,380.1,2000,1278429036,,0.937622,0.986108,
openml.org/t/168912,sylvine,TunedRandomForest,4,0.986031,aws.docker,0.19.2,{'n_estimators': 2000},stable,2019-04-13T05:44:44,373.2,2000,1278429037,,0.947266,0.986031,
openml.org/t/168912,sylvine,TunedRandomForest,5,0.979225,aws.docker,0.19.2,{'n_estimators': 2000},stable,2019-04-13T05:52:05,380.7,2000,1278429038,,0.931641,0.979225,
openml.org/t/168912,sylvine,TunedRandomForest,6,0.982048,aws.docker,0.19.2,{'n_estimators': 2000},stable,2019-04-13T05:53:37,379.3,2000,1278429039,,0.943359,0.982048,
openml.org/t/168912,sylvine,TunedRandomForest,7,0.980186,aws.docker,0.19.2,{'n_estimators': 2000},stable,2019-04-13T05:54:00,384.6,2000,1278429040,,0.9375,0.980186,
openml.org/t/168912,sylvine,TunedRandomForest,8,0.986336,aws.docker,0.19.2,{'n_estimators': 2000},stable,2019-04-13T05:54:12,382.7,2000,1278429041,,0.955078,0.986336,
openml.org/t/168912,sylvine,TunedRandomForest,9,0.98719,aws.docker,0.19.2,{'n_estimators': 2000},stable,2019-04-13T05:55:01,384.3,2000,1278429042,,0.939453,0.98719,
openml.org/t/53,vehicle,TunedRandomForest,0,0.470663,aws.docker,0.19.2,{'n_estimators': 2000},stable,2019-04-13T05:59:01,182.6,2000,1278429033,,0.811765,,0.470663
openml.org/t/53,vehicle,TunedRandomForest,1,0.495876,aws.docker,0.19.2,{'n_estimators': 2000},stable,2019-04-13T06:00:15,182.2,2000,1278429034,,0.764706,,0.495876
openml.org/t/53,vehicle,TunedRandomForest,2,0.526976,aws.docker,0.19.2,{'n_estimators': 2000},stable,2019-04-13T06:00:49,183.7,2000,1278429035,,0.682353,,0.526976
openml.org/t/53,vehicle,TunedRandomForest,3,0.429811,aws.docker,0.19.2,{'n_estimators': 2000},stable,2019-04-13T06:01:00,183.7,2000,1278429036,,0.776471,,0.429811
openml.org/t/53,vehicle,TunedRandomForest,4,0.460288,aws.docker,0.19.2,{'n_estimators': 2000},stable,2019-04-13T06:01:54,183.7,2000,1278429037,,0.788235,,0.460288
openml.org/t/53,vehicle,TunedRandomForest,5,0.484541,aws.docker,0.19.2,{'n_estimators': 2000},stable,2019-04-13T06:05:58,183.6,2000,1278429038,,0.741176,,0.484541
openml.org/t/53,vehicle,TunedRandomForest,6,0.472208,aws.docker,0.19.2,{'n_estimators': 2000},stable,2019-04-13T06:07:19,183.3,2000,1278429039,,0.738095,,0.472208
openml.org/t/53,vehicle,TunedRandomForest,7,0.480485,aws.docker,0.19.2,{'n_estimators': 2000},stable,2019-04-13T06:07:49,180.6,2000,1278429040,,0.797619,,0.480485
openml.org/t/53,vehicle,TunedRandomForest,8,0.469084,aws.docker,0.19.2,{'n_estimators': 2000},stable,2019-04-13T06:08:04,183.0,2000,1278429041,,0.77381,,0.469084
openml.org/t/53,vehicle,TunedRandomForest,9,0.568541,aws.docker,0.19.2,{'n_estimators': 2000},stable,2019-04-13T06:08:58,184.3,2000,1278429042,,0.690476,,0.568541
